STATIONS_ID;MESS_DATUM;QN_3;  FX;  FM;QN_4; RSK;RSKF; SDK;SHK_TAG;  NM; VPM;  PM; TMK; UPM; TXK; TNK; TGK;eor
       2812;20210628;   10;   9.4;   2.4;    3;   3.7;   6;    8.767;-999;   7.3;  19.7;  996.30;   22.0;   76.00;   28.1;   17.8;   15.6;eor
       2812;20210629;   10;  14.1;   2.3;    3;  21.0;   6;    7.200;-999;   6.7;  17.7;  995.11;   18.8;   82.30;   23.3;   15.6;   14.6;eor
       2812;20210630;   10;  11.3;   3.9;    3;  18.4;   6;    0.067;-999;   7.8;  15.0;  996.68;   15.3;   86.50;   19.4;   13.5;   11.9;eor
       2812;20210701;   10;   9.8;   3.0;    3;   0.0;   6;    2.567;-999;   7.0;  14.7;  999.11;   16.0;   81.46;   21.0;   12.7;   10.4;eor
       2812;20210702;   10;   6.2;   1.3;    3;   0.0;   0;   10.300;-999;   4.5;  14.3; 1000.06;   17.8;   72.58;   24.2;   11.0;    8.6;eor
       2812;20210703;   10;  11.2;   2.1;    3;   0.0;   6;    8.733;-999;   7.3;  15.6;  997.38;   19.7;   70.29;   27.3;   12.1;   10.2;eor
       2812;20210704;   10;  12.7;   2.5;    3;  13.7;   6;    1.667;-999;   7.9;  17.8;  994.08;   18.4;   84.50;   24.1;   15.7;   14.2;eor
       2812;20210705;   10;  10.9;   3.6;    3;   0.4;   6;    3.000;-999;   6.8;  17.4;  993.29;   19.7;   76.58;   24.5;   16.0;   14.3;eor
       2812;20210706;   10;   8.1;   2.8;    3;  16.6;   6;    1.233;-999;   6.3;  18.1;  993.30;   17.9;   87.71;   21.7;   14.0;   12.6;eor
       2812;20210707;   10;   5.4;   1.7;    3;   0.0;   6;    9.033;-999;   6.0;  16.6;  998.64;   19.3;   75.71;   25.8;   14.3;   13.0;eor
       2812;20210708;   10;   6.8;   1.8;    3;   1.6;   6;    0.000;-999;   7.8;  17.8; 1001.55;   17.7;   88.04;   19.5;   15.9;   13.5;eor
       2812;20210709;   10;   7.6;   2.6;    3;   0.0;   0;    5.600;-999;   6.1;  16.3; 1003.07;   19.0;   75.96;   23.8;   14.2;   11.9;eor
       2812;20210710;   10;  11.3;   1.8;    3;   1.2;   6;   12.267;-999;   6.1;  15.5;  998.53;   19.6;   71.04;   27.2;   12.1;    9.9;eor
       2812;20210711;   10;   5.7;   2.0;    3;   0.0;   6;    7.217;-999;   5.0;  16.2;  998.40;   19.0;   75.13;   23.9;   14.1;   11.8;eor
       2812;20210712;   10;   5.5;   1.5;    3;  35.5;   6;    4.233;-999;   7.2;  18.4;  992.14;   19.4;   82.13;   25.1;   12.5;   10.8;eor
       2812;20210713;   10;   9.9;   3.0;    3;  16.8;   6;    0.450;-999;   7.4;  17.0;  992.60;   16.6;   90.08;   19.1;   13.5;   11.2;eor
       2812;20210714;   10;   8.9;   3.1;    3;  13.2;   6;    0.000;-999;   7.8;  15.9;  993.89;   16.4;   86.08;   21.1;   12.7;   10.8;eor
       2812;20210715;   10;   9.1;   2.9;    3;   1.5;   6;    1.700;-999;   7.7;  17.5;  994.93;   18.4;   83.42;   22.8;   14.5;   13.3;eor
       2812;20210716;   10;   9.0;   1.8;    3;  21.6;   6;    3.400;-999;   7.0;  18.5; 1000.60;   18.3;   88.75;   23.7;   15.3;   13.4;eor
       2812;20210717;   10;   7.0;   2.7;    3;   0.0;   0;    1.233;-999;   7.0;  19.1; 1003.50;   19.2;   85.92;   23.0;   15.7;   13.6;eor
       2812;20210718;   10;  10.5;   3.6;    3;   0.0;   0;   14.367;-999;   0.0;  18.2; 1001.61;   20.6;   76.25;   25.9;   14.2;   11.2;eor
       2812;20210719;   10;   9.2;   3.3;    3;   0.0;   6;   14.433;-999;   0.0;  18.0;  999.69;   20.8;   75.08;   27.2;   13.9;   11.4;eor
       2812;20210720;   10;   7.8;   2.9;    3;   0.0;   0;   13.983;-999;   0.1;  16.0; 1000.55;   19.0;   73.96;   24.6;   13.4;   10.3;eor
       2812;20210721;   10;   7.5;   2.7;    3;   0.0;   0;   13.883;-999;   0.8;  16.3; 1002.37;   19.2;   74.58;   25.7;   11.9;    9.5;eor
       2812;20210722;   10;   7.6;   1.9;    3;   0.0;   0;   14.067;-999;   0.3;  16.5; 1001.21;   20.1;   71.79;   26.4;   13.3;   10.3;eor
       2812;20210723;   10;   6.0;   1.6;    3;   0.6;   6;   13.683;-999;   2.4;  18.0;  996.26;   21.0;   74.08;   28.1;   13.3;   10.4;eor
       2812;20210724;   10;   7.9;   2.1;    3;   0.4;   6;    4.200;-999;   7.5;  19.7;  991.77;   21.7;   77.67;   27.3;   17.9;   15.6;eor
       2812;20210725;   10;   7.4;   2.3;    3;   0.0;   6;    7.850;-999;   5.0;  19.1;  992.09;   21.4;   76.58;   26.5;   16.7;   14.4;eor
       2812;20210726;   10;  14.6;   2.0;    3;  20.6;   6;    8.417;-999;   5.6;  19.1;  994.53;   20.2;   80.83;   25.1;   16.0;   13.7;eor
       2812;20210727;   10;   5.8;   1.8;    3;   1.9;   6;    4.883;-999;   7.1;  18.3;  995.81;   20.8;   76.00;   26.3;   15.9;   13.6;eor
       2812;20210728;   10;  12.8;   3.0;    3;   0.0;   6;    5.517;-999;   6.5;  17.6;  996.37;   20.1;   76.25;   25.7;   16.4;   14.8;eor
       2812;20210729;   10;   7.9;   2.4;    3;   0.0;   0;   11.017;-999;   4.8;  15.6;  996.44;   20.2;   68.21;   26.3;   13.9;   11.3;eor
       2812;20210730;   10;   9.4;   2.3;    3;   0.0;   6;    9.833;-999;   2.5;  17.4;  993.00;   20.5;   73.21;   27.7;   12.1;    9.5;eor
       2812;20210731;   10;   6.9;   2.3;    3;   2.9;   6;   10.650;-999;   5.0;  15.3;  993.48;   20.0;   66.83;   24.9;   14.9;   11.9;eor
       2812;20210801;   10;   8.2;   2.9;    3;   2.5;   6;    1.383;-999;   7.8;  16.3;  993.75;   16.9;   84.25;   20.7;   14.8;   13.6;eor
       2812;20210802;   10;   8.6;   2.6;    3;   0.2;   6;    3.733;-999;   6.9;  15.2;  997.23;   17.1;   78.42;   23.4;   12.8;   10.8;eor
       2812;20210803;   10;  12.0;   3.1;    3;   2.8;   6;    1.567;-999;   7.7;  15.3;  996.42;   16.3;   82.50;   19.5;   12.9;   10.4;eor
       2812;20210804;   10;   4.2;   1.8;    3;   0.0;   6;    1.083;-999;   8.0;  15.2;  995.43;   17.3;   77.58;   20.4;   14.4;   13.0;eor
       2812;20210805;   10;   9.0;   2.3;    3;   5.4;   6;    1.067;-999;   7.8;  17.0;  992.35;   17.6;   84.71;   21.6;   14.2;   11.7;eor
       2812;20210806;   10;   9.7;   3.0;    3;   0.0;   6;    5.550;-999;   7.3;  16.2;  990.14;   19.0;   74.63;   23.8;   14.7;   11.4;eor
       2812;20210807;   10;  10.9;   2.9;    3;  11.8;   6;    1.150;-999;   7.0;  16.3;  989.14;   16.8;   85.50;   19.4;   14.9;   12.5;eor
       2812;20210808;   10;  12.7;   3.4;    3;   0.2;   6;    7.217;-999;   6.4;  14.6;  996.33;   17.8;   72.75;   21.7;   14.5;   11.2;eor
       2812;20210809;   10;   8.4;   2.8;    3;   0.0;   0;   10.283;-999;   6.8;  14.3; 1000.47;   18.9;   67.50;   24.9;   12.4;   10.1;eor
       2812;20210810;   10;   7.0;   2.0;    3;   0.0;   6;    9.017;-999;   6.0;  16.6; 1000.08;   19.4;   75.29;   26.3;   11.9;    9.1;eor
       2812;20210811;   10;   4.5;   1.4;    3;   0.0;   0;   12.933;-999;   2.3;  18.3; 1000.75;   21.1;   75.13;   28.0;   13.7;   11.8;eor
       2812;20210812;   10;   5.4;   1.7;    3;   0.0;   0;   13.017;-999;   4.4;  19.8; 1000.90;   22.4;   74.79;   29.5;   14.4;   12.2;eor
       2812;20210813;   10;   8.5;   2.5;    3;   0.0;   0;   10.067;-999;  -999;  20.4; 1003.05;   24.5;   68.13;   30.9;   18.3;   16.0;eor
       2812;20210814;   10;   4.9;   1.5;    3;   0.0;   0;   13.400;-999;   0.6;  21.4; 1001.63;   23.6;   75.29;   30.7;   16.2;   14.2;eor
       2812;20210815;   10;  13.1;   1.5;    3;   2.7;   6;    9.417;-999;   3.4;  22.1;  996.20;   22.5;   81.88;   30.0;   17.4;   16.0;eor
       2812;20210816;   10;  13.6;   3.6;    3;   4.2;   6;    2.950;-999;   7.0;  17.2;  997.34;   19.6;   75.71;   22.8;   14.3;   13.4;eor
       2812;20210817;   10;   6.4;   1.7;    3;   0.2;   6;    5.250;-999;   7.1;  13.6; 1002.13;   16.4;   73.75;   20.5;   11.2;    9.2;eor
       2812;20210818;   10;   6.7;   2.5;    3;   0.0;   6;    1.233;-999;   7.8;  15.5; 1000.45;   17.9;   75.75;   21.5;   14.6;   13.8;eor
       2812;20210819;   10;   5.9;   1.8;    3;   0.0;   0;    0.683;-999;   8.0;  16.6;  998.50;   19.1;   75.54;   23.2;   16.5;   15.9;eor
       2812;20210820;   10;   5.5;   1.6;    3;   0.0;   6;   10.600;-999;   3.7;  16.8;  999.01;   19.7;   75.46;   25.7;   14.0;   11.4;eor
       2812;20210821;   10;  10.1;   1.4;    3;   1.6;   6;   11.400;-999;   5.2;  18.1;  998.93;   20.7;   76.17;   28.7;   13.2;   11.0;eor
       2812;20210822;   10;  10.9;   2.7;    3;   0.2;   6;    1.167;-999;   6.9;  18.4; 1000.65;   19.1;   82.75;   21.7;   16.1;   13.7;eor
       2812;20210823;   10;   5.3;   1.9;    3;   0.2;   6;    2.767;-999;   6.5;  16.9; 1003.12;   17.2;   86.04;   20.6;   14.6;   12.5;eor
       2812;20210824;   10;  10.9;   3.7;    3;   0.0;   0;    7.767;-999;   2.1;  15.0; 1004.02;   16.5;   80.92;   22.1;   11.4;    8.7;eor
       2812;20210825;   10;  10.8;   3.6;    3;   0.0;   0;   11.800;-999;   3.3;  13.9; 1000.68;   16.2;   77.46;   22.7;   10.5;    9.0;eor
       2812;20210826;   10;   7.6;   1.5;    3;   1.1;   6;    2.800;-999;   5.9;  13.9;  996.73;   14.7;   83.21;   18.8;    9.1;    6.4;eor
       2812;20210827;   10;   7.6;   1.8;    3;   0.0;   6;    4.267;-999;   6.3;  13.4;  998.37;   15.8;   75.83;   19.9;   12.3;   10.6;eor
       2812;20210828;   10;   5.8;   1.5;    3;   1.9;   6;    0.000;-999;   7.7;  14.7;  999.71;   15.0;   85.79;   17.3;   12.7;   10.1;eor
       2812;20210829;   10;   7.1;   2.1;    3;   1.9;   6;    0.000;-999;   7.9;  15.4;  999.43;   14.6;   92.29;   17.1;   12.0;    9.9;eor
       2812;20210830;   10;   7.0;   1.6;    3;   6.2;   6;    0.567;-999;   7.3;  16.3;  999.54;   15.4;   93.46;   20.1;   12.2;   10.2;eor
       2812;20210831;   10;   8.8;   3.0;    3;   0.0;   0;    7.450;-999;   4.8;  15.2; 1003.83;   16.0;   84.54;   21.4;   10.4;    7.7;eor
       2812;20210901;   10;   9.3;   2.9;    3;   0.0;   0;    9.700;-999;   1.8;  14.2; 1006.25;   15.3;   82.88;   23.2;    7.9;    6.3;eor
       2812;20210902;   10;   7.0;   2.5;    3;   0.0;   0;   12.500;-999;   0.0;  13.8; 1004.39;   17.0;   73.75;   24.6;    7.9;    4.9;eor
       2812;20210903;   10;   5.5;   1.5;    3;   0.0;   0;   12.400;-999;   0.0;  14.7; 1000.54;   17.3;   76.71;   25.4;    9.7;    6.4;eor
       2812;20210904;   10;   5.5;   1.4;    3;   0.0;   0;   12.167;-999;   0.0;  15.9;  998.04;   18.3;   77.58;   25.9;   10.7;    8.3;eor
       2812;20210905;   10;   6.1;   1.7;    3;   0.0;   0;   12.133;-999;   1.9;  16.7; 1000.59;   18.9;   78.04;   26.3;   12.0;    9.4;eor
       2812;20210906;   10;   6.8;   1.8;    3;   0.0;   0;   10.867;-999;   2.6;  15.7; 1003.67;   18.8;   74.83;   26.8;   11.8;    8.9;eor
       2812;20210907;   10;   6.7;   1.9;    3;   0.0;   0;    9.017;-999;   6.8;  15.5; 1003.18;   18.4;   74.92;   25.8;   10.9;    7.5;eor
       2812;20210908;   10;   5.5;   1.5;    3;   0.0;   0;   11.950;-999;   6.1;  15.7;  997.20;   18.9;   74.21;   26.5;   10.2;    7.3;eor
       2812;20210909;   10;   8.4;   2.0;    3;   0.9;   6;    0.133;-999;   6.8;  17.4;  995.45;   19.7;   77.13;   24.4;   15.5;   13.3;eor
       2812;20210910;   10;   7.1;   2.1;    3;   3.6;   6;    0.783;-999;   7.9;  18.3;  997.78;   19.1;   83.38;   23.7;   15.0;   12.7;eor
       2812;20210911;   10;   7.6;   1.7;    3;   3.1;   6;    5.400;-999;   4.9;  18.2; 1000.38;   18.6;   85.63;   23.4;   12.7;   10.1;eor
       2812;20210912;   10;   6.0;   1.5;    3;   0.0;   6;   10.333;-999;   5.2;  15.5;  999.77;   16.9;   82.50;   24.2;   10.5;    9.0;eor
       2812;20210913;   10;   5.3;   1.6;    3;   0.0;   0;   11.383;-999;   5.7;  17.0;  998.28;   18.0;   83.04;   24.7;   11.3;    8.3;eor
       2812;20210914;   10;   4.4;   1.4;    3;   1.4;   6;    5.267;-999;   7.5;  18.7;  996.45;   19.6;   82.25;   26.4;   12.3;    9.9;eor
       2812;20210915;   10;   7.4;   2.4;    3;   7.4;   6;    0.017;-999;   8.0;  19.6;  995.65;   19.8;   84.92;   23.3;   17.1;   15.7;eor
       2812;20210916;   10;   7.6;   2.2;    3;   9.9;   6;    2.417;-999;   7.1;  17.8;  998.09;   17.5;   89.29;   20.3;   13.7;   11.1;eor
       2812;20210917;   10;   6.3;   1.6;    3;   0.0;   0;    7.767;-999;   4.4;  14.1;  997.83;   15.6;   81.71;   21.6;   11.2;    8.0;eor
       2812;20210918;   10;   6.2;   1.6;    3;   0.0;   6;    9.467;-999;   5.8;  13.6;  996.57;   15.0;   82.08;   22.8;    8.0;    5.6;eor
       2812;20210919;   10;   7.0;   2.5;    3;   0.8;   6;    0.150;-999;   7.7;  14.1;  995.90;   13.4;   91.71;   17.1;    9.5;    6.8;eor
       2812;20210920;   10;   6.1;   1.8;    3;   0.0;   0;    4.433;-999;   6.9;  14.7; 1000.57;   15.1;   86.08;   20.0;   10.8;    8.0;eor
       2812;20210921;   10;   7.9;   2.5;    3;   0.0;   0;    6.333;-999;   6.6;  12.2; 1008.34;   13.2;   81.25;   18.6;    6.9;    4.8;eor
       2812;20210922;   10;   8.6;   1.9;    3;   0.0;   0;    8.950;-999;   8.0;  11.3; 1008.50;   11.9;   83.04;   20.2;    5.0;    2.6;eor
       2812;20210923;   10;   6.1;   1.9;    3;   0.0;   0;   11.233;-999;   3.7;  12.1; 1002.84;   13.9;   78.79;   23.3;    5.6;    3.5;eor
       2812;20210924;   10;   5.4;   1.5;    3;   0.0;   0;   11.117;-999;   0.0;  13.2; 1000.40;   15.1;   79.92;   24.0;    7.6;    5.0;eor
       2812;20210925;   10;   3.8;   1.1;    3;   0.0;   6;    9.433;-999;   3.5;  14.8;  998.49;   16.7;   78.92;   25.2;    7.0;    4.5;eor
       2812;20210926;   10;   9.8;   2.0;    3;   1.0;   6;    3.450;-999;   5.2;  17.4;  999.13;   17.6;   87.21;   23.4;   12.7;   10.6;eor
       2812;20210927;   10;  12.4;   2.4;    3;   1.0;   6;    6.300;-999;   5.9;  15.8; 1000.48;   17.9;   78.54;   24.1;   11.3;    8.7;eor
       2812;20210928;   10;   7.3;   1.9;    3;   0.0;   4;    8.650;-999;   7.2;  12.9; 1004.05;   13.5;   84.88;   18.1;    7.7;    5.1;eor
       2812;20210929;   10;  14.1;   3.5;    3;   2.7;   6;    2.083;-999;   5.8;  12.4; 1003.90;   13.9;   78.42;   20.5;    7.0;    4.0;eor
       2812;20210930;   10;   4.5;   1.3;    3;   0.0;   0;   10.400;-999;   5.5;   8.9; 1009.12;   10.1;   75.21;   17.5;    3.9;    0.8;eor
       2812;20211001;   10;   4.7;   1.4;    3;   0.0;   6;   10.017;   0;   7.9;  11.1; 1001.45;   12.5;   77.21;   22.3;    2.9;   -0.1;eor
       2812;20211002;   10;   8.7;   2.2;    3;   0.0;   0;    8.200;   0;   7.9;  13.4;  994.12;   16.3;   74.63;   22.7;   10.0;    7.0;eor
       2812;20211003;   10;   7.7;   2.1;    3;  10.6;   6;    0.033;   0;   8.0;  15.3;  989.67;   17.3;   78.25;   22.9;   12.8;   11.6;eor
       2812;20211004;   10;   6.0;   1.7;    3;   8.2;   6;    0.000;   0;   7.8;  13.4;  999.90;   12.4;   93.33;   14.0;   11.5;   10.3;eor
       2812;20211005;   10;  12.5;   2.9;    3;   2.1;   6;    3.017;   0;   7.4;  13.2;  994.14;   13.6;   85.96;   19.2;   11.5;   10.6;eor
       2812;20211006;   10;   8.8;   3.4;    3;   2.1;   6;    3.917;   0;   6.3;  11.3; 1002.44;   12.1;   81.21;   16.3;    9.7;    7.8;eor
       2812;20211007;   10;   6.3;   1.7;    3;   0.0;   6;    0.683;   0;   5.3;  11.7; 1007.91;   11.1;   89.13;   15.4;    6.5;    3.1;eor
       2812;20211008;   10;  10.9;   3.0;    3;   0.0;   0;    5.083;   0;   3.3;  11.2; 1007.65;   10.4;   88.83;   17.4;    3.6;    1.2;eor
       2812;20211009;   10;   8.6;   2.7;    3;   0.0;   0;    8.283;   0;   0.8;  10.6; 1006.72;   10.0;   87.17;   17.2;    4.4;    0.6;eor
       2812;20211010;   10;   5.9;   1.5;    3;   0.0;   0;    5.933;   0;   3.8;   9.0; 1007.33;    7.4;   88.75;   15.5;    2.2;   -0.6;eor
       2812;20211011;   10;   6.0;   1.4;    3;   0.0;   6;    7.317;   0;   6.1;   9.3; 1007.62;    7.9;   86.88;   14.2;    0.9;   -1.8;eor
       2812;20211012;   10;   5.8;   1.7;    3;   5.2;   6;    0.083;   0;   7.9;  10.6; 1003.29;    9.7;   88.08;   13.7;    5.2;    2.6;eor
       2812;20211013;   10;   7.1;   1.8;    3;   0.0;   0;    4.550;   0;   6.3;   9.3; 1006.82;    8.1;   86.71;   13.0;    2.2;   -0.1;eor
       2812;20211014;   10;   4.0;   1.3;    3;   0.0;   0;    9.850;   0;   0.8;   8.2; 1007.71;    7.3;   81.92;   15.0;    0.9;   -1.6;eor
       2812;20211015;   10;   4.7;   1.4;    3;   0.0;   0;    6.983;   0;   6.3;   8.9; 1001.43;    7.9;   84.67;   15.8;    2.3;   -0.3;eor
       2812;20211016;   10;   5.2;   1.5;    3;   0.0;   6;    0.317;   0;   6.8;   9.7; 1002.42;    7.2;   94.21;   10.7;    1.2;    0.0;eor
       2812;20211017;   10;   4.9;   1.3;    3;   0.0;   6;    0.000;   0;   7.9;  10.0; 1002.95;    7.8;   93.50;    9.7;    3.6;    1.3;eor
       2812;20211018;   10;   4.6;   1.5;    3;   0.0;   6;    1.317;   0;   8.0;  10.0; 1006.36;    7.5;   95.96;   10.6;    5.0;    3.1;eor
       2812;20211019;   10;   8.8;   2.1;    3;   0.0;   6;    1.517;   0;   7.1;  11.3; 1004.64;   12.4;   80.58;   20.9;    6.2;    4.6;eor
       2812;20211020;   10;  12.9;   3.8;    3;   4.2;   6;    5.183;   0;   5.5;  12.5;  994.57;   15.7;   71.50;   22.1;    5.3;    3.0;eor
       2812;20211021;   10;  22.6;   6.7;    3;   1.6;   6;    4.550;   0;   6.1;  10.5;  992.28;   14.3;   64.63;   17.1;    8.7;    7.9;eor
       2812;20211022;   10;   6.1;   2.2;    3;   0.0;   6;    8.983;   0;   3.6;   8.3; 1003.37;    8.6;   75.54;   12.8;    3.2;    0.4;eor
       2812;20211023;   10;   7.4;   2.0;    3;   0.0;   0;    6.700;   0;   4.1;   8.4; 1008.88;    8.5;   76.42;   14.3;    3.1;   -0.4;eor
       2812;20211024;   10;   4.5;   1.2;    3;   0.0;   0;    9.217;   0;   0.0;   7.7; 1006.35;    6.5;   81.38;   14.4;   -0.3;   -2.7;eor
       2812;20211025;   10;   3.5;   1.3;    3;   0.4;   6;    7.867;   0;   5.3;   9.3; 1002.77;    9.1;   81.75;   18.2;    0.8;   -1.7;eor
       2812;20211026;   10;   5.9;   1.8;    3;   0.0;   0;    1.733;   0;   7.7;  11.4; 1005.74;   11.0;   86.71;   16.9;    4.2;    2.0;eor
       2812;20211027;   10;   5.4;   1.5;    3;   0.0;   0;    8.750;   0;   7.5;   9.7; 1006.60;    8.0;   90.58;   15.5;    1.9;    0.3;eor
       2812;20211028;   10;   4.8;   1.6;    3;   0.0;   0;    8.933;   0;   0.2;   9.2; 1000.90;    7.8;   87.71;   17.5;    0.8;   -1.5;eor
       2812;20211029;   10;   2.8;   0.9;    3;   0.0;   0;    5.700;   0;   6.1;   9.0;  994.78;    6.6;   92.04;   15.8;    0.8;    0.0;eor
       2812;20211030;   10;   4.5;   1.5;    3;   2.3;   6;    0.117;   0;   6.9;   9.7;  990.09;    6.7;   96.96;   12.5;    1.8;   -0.4;eor
       2812;20211031;   10;   7.4;   2.0;    3;  18.1;   6;    5.350;   0;   7.9;  13.5;  988.32;   14.5;   83.04;   20.8;    8.9;    6.6;eor
       2812;20211101;   10;   8.6;   3.1;    3;   3.3;   6;    0.817;   0;   6.6;  11.2;  986.49;   10.7;   87.42;   15.5;    6.5;    3.8;eor
       2812;20211102;   10;  10.2;   2.6;    3;   4.3;   6;    0.500;   0;   7.4;   9.7;  984.87;    8.6;   87.17;   12.0;    4.1;    1.7;eor
       2812;20211103;   10;   9.0;   2.7;    3;   1.0;   6;    0.000;   0;   7.9;   9.5;  982.30;    8.2;   87.79;   10.0;    6.3;    5.5;eor
       2812;20211104;   10;   7.4;   2.9;    3;   2.8;   6;    0.000;   0;   7.8;   8.7;  990.46;    6.8;   87.83;    8.5;    5.7;    5.0;eor
       2812;20211105;   10;   5.4;   1.8;    3;   0.1;   6;    0.000;   0;   7.4;   9.1; 1004.59;    6.9;   91.33;   10.0;    1.5;   -0.2;eor
       2812;20211106;   10;   3.4;   1.0;    3;   0.0;   0;    4.100;   0;   5.2;   7.4; 1010.72;    3.2;   95.71;    9.6;   -0.9;   -1.4;eor
       2812;20211107;   10;   9.5;   3.2;    3;   0.0;   6;    1.250;   0;   7.4;   8.6; 1004.35;    6.9;   86.67;   10.6;    3.8;    2.8;eor
       2812;20211108;   10;   6.3;   1.6;    3;   0.0;   0;    5.350;   0;   3.5;   8.4; 1004.78;    5.9;   90.04;   10.9;   -0.2;   -2.4;eor
       2812;20211109;   10;   7.3;   1.9;    3;   0.0;   0;    6.483;   0;   4.5;   6.6; 1006.71;    3.0;   87.79;   11.0;   -2.6;   -4.3;eor
       2812;20211110;   10;   3.6;   0.9;    3;   0.0;   0;    0.150;   0;   6.8;   6.8; 1006.09;    2.1;   94.17;    6.9;   -1.7;   -3.0;eor
       2812;20211111;   10;   3.4;   1.0;    3;   0.0;   6;    0.000;   0;   8.0;   7.1; 1005.97;    2.1;   99.96;    3.1;    0.8;    0.6;eor
       2812;20211112;   10;   7.4;   1.5;    3;   0.0;   0;    0.000;   0;   8.0;   7.0; 1001.89;    2.0;   99.38;    2.7;    1.4;    1.6;eor
       2812;20211113;   10;   7.4;   2.5;    3;   5.8;   6;    0.000;   0;   7.8;   9.2;  997.89;    6.9;   91.54;   10.7;    2.3;    2.3;eor
       2812;20211114;   10;   8.0;   2.8;    3;   0.0;   6;    0.333;   0;   7.8;  11.0;  999.58;    9.1;   94.75;   11.7;    7.8;    6.4;eor
       2812;20211115;   10;   6.2;   2.7;    3;   0.0;   6;    0.000;   0;   8.0;   9.5; 1002.66;    7.9;   89.08;    9.2;    6.7;    6.1;eor
       2812;20211116;   10;   2.7;   0.9;    3;   0.0;   6;    0.000;   0;   8.0;   9.0; 1003.30;    6.7;   91.33;    7.4;    6.0;    5.4;eor
       2812;20211117;   10;   4.5;   1.6;    3;   0.0;   6;    0.000;   0;   7.9;   8.3; 1005.98;    6.5;   85.92;    7.4;    5.6;    5.0;eor
       2812;20211118;   10;   4.1;   1.2;    3;   0.0;   0;    3.450;   0;   7.8;   8.3; 1012.45;    6.6;   84.79;   10.4;    1.2;   -0.9;eor
       2812;20211119;   10;   5.0;   1.2;    3;   0.0;   6;    0.000;   0;   6.9;   7.8; 1013.77;    4.2;   93.33;    7.6;   -0.6;   -2.4;eor
       2812;20211120;   10;   5.7;   2.0;    3;   0.0;   0;    0.000;   0;   7.8;   8.2; 1006.85;    5.4;   91.25;    6.3;    3.0;    1.2;eor
       2812;20211121;   10;   4.4;   1.2;    3;   0.4;   6;    0.000;   0;   7.9;   7.3;  995.90;    3.4;   93.13;    4.2;    2.4;    0.9;eor
       2812;20211122;   10;  10.4;   3.8;    3;   0.0;   6;    0.000;   0;   7.6;   7.9; 1001.24;    5.4;   88.71;    7.4;    3.5;    1.8;eor
       2812;20211123;   10;   8.1;   2.9;    3;   0.0;   0;    7.000;   0;   0.9;   5.5; 1008.30;    1.2;   82.83;    6.9;   -3.3;   -6.4;eor
       2812;20211124;   10;   3.9;   1.3;    3;   0.0;   0;    5.067;   0;   2.6;   5.1; 1001.70;   -0.6;   86.46;    4.5;   -5.0;   -7.1;eor
       2812;20211125;   10;   5.8;   1.6;    3;   0.0;   8;    0.000;   0;   6.9;   5.3;  992.87;   -0.4;   89.63;    2.1;   -4.5;   -5.6;eor
       2812;20211126;   10;  17.1;   3.9;    3;   1.6;   8;    0.000;   0;   7.8;   5.9;  983.32;    2.3;   82.50;    5.0;   -0.1;   -2.2;eor
       2812;20211127;   10;  14.2;   3.8;    3;   4.1;   6;    0.267;   0;   6.9;   6.5;  974.60;    2.8;   86.79;    4.9;   -0.3;   -1.9;eor
       2812;20211128;   10;   7.0;   1.9;    3;   2.6;   8;    0.233;   0;   7.8;   6.3;  979.34;    2.2;   88.25;    4.7;    0.4;   -1.7;eor
       2812;20211129;   10;   8.5;   2.6;    3;   0.9;   8;    0.900;   0;   7.0;   5.9;  991.83;    1.7;   85.54;    3.8;    0.5;   -2.0;eor
       2812;20211130;   10;  15.2;   7.5;    3;   2.4;   8;    0.000;   0;   7.8;   6.1;  998.86;    3.2;   78.54;    4.6;    1.6;    0.3;eor
       2812;20211201;   10;  16.6;   7.2;    3;   2.5;   6;    0.050;   0;   7.9;   8.3;  986.28;    7.7;   79.04;    9.9;    4.6;    3.4;eor
       2812;20211202;   10;   8.5;   2.8;    3;   1.5;   6;    0.000;   0;   7.9;   7.1;  986.26;    4.2;   85.42;    6.2;    0.9;   -0.4;eor
       2812;20211203;   10;  13.1;   4.2;    3;   3.5;   8;    3.617;   0;   5.9;   5.4;  995.21;    2.2;   76.54;    4.6;   -1.9;   -4.1;eor
       2812;20211204;   10;  13.4;   6.2;    3;   3.0;   6;    0.000;   0;   7.8;   8.8;  982.69;    7.8;   82.67;   10.8;    3.3;    2.0;eor
       2812;20211205;   10;   8.5;   3.0;    3;   0.0;   6;    0.283;   0;   6.3;   6.7;  987.11;    3.9;   83.42;    6.9;   -1.0;   -2.9;eor
       2812;20211206;   10;  11.3;   2.2;    3;   0.0;   6;    0.267;   0;   7.8;   6.3;  995.27;    2.7;   84.54;    5.4;   -0.2;   -1.5;eor
       2812;20211207;   10;   9.6;   4.5;    3;   3.5;   6;    3.700;   0;   6.7;   6.3;  992.15;    4.5;   75.21;    7.5;    1.1;   -0.6;eor
       2812;20211208;   10;   5.9;   2.0;    3;   0.0;   6;    0.000;   0;   7.5;   7.6;  983.12;    4.8;   88.17;    6.6;    2.9;    1.3;eor
       2812;20211209;   10;   8.4;   3.4;    3;   0.0;   6;    2.133;   0;   6.9;   6.9;  988.93;    4.3;   82.67;    6.9;    2.4;    0.6;eor
       2812;20211210;   10;  10.0;   3.7;    3;   3.4;   8;    0.000;   0;   7.5;   6.3;  979.73;    2.7;   84.33;    5.0;   -0.1;   -2.1;eor
       2812;20211211;   10;   9.0;   2.3;    3;   0.1;   6;    1.333;   0;   7.3;   6.8;  998.53;    3.5;   87.38;    5.5;    0.1;   -2.4;eor
       2812;20211212;   10;   5.7;   2.2;    3;   0.0;   6;    0.000;   0;   7.6;   6.4; 1009.45;    3.3;   83.00;    6.1;   -1.1;   -2.7;eor
       2812;20211213;   10;   2.9;   1.1;    3;   0.0;   0;    5.117;   0;   5.7;   7.0; 1010.19;    4.3;   85.08;    8.5;    0.1;   -1.9;eor
       2812;20211214;   10;   5.9;   1.6;    3;   0.0;   0;    0.667;   0;   7.9;   7.5; 1010.72;    3.7;   94.04;    5.4;    2.0;   -0.8;eor
       2812;20211215;   10;   5.6;   1.4;    3;   0.0;   6;    0.000;   0;   8.0;   8.0; 1013.98;    4.9;   92.50;    6.2;    4.0;    3.8;eor
       2812;20211216;   10;   4.6;   1.4;    3;   0.0;   0;    0.000;   0;   6.5;   7.3; 1017.88;    4.3;   87.29;    6.7;   -0.3;   -2.1;eor
       2812;20211217;   10;   5.2;   1.5;    3;   0.0;   0;    5.850;   0;   2.5;   6.6; 1018.43;    1.8;   94.21;    7.5;   -2.7;   -4.1;eor
       2812;20211218;   10;   7.8;   2.6;    3;   0.0;   6;    2.533;   0;   6.4;   6.1; 1017.28;    0.8;   93.21;    5.2;   -3.2;   -3.4;eor
       2812;20211219;   10;   3.8;   1.4;    3;   0.0;   6;    0.000;   0;   8.0;   6.3; 1012.19;    1.2;   94.71;    2.1;    0.4;    0.3;eor
       2812;20211220;   10;   5.5;   1.5;    3;   0.0;   0;    0.017;   0;   6.8;   6.1; 1007.00;    1.0;   92.17;    4.0;   -3.6;   -6.0;eor
       2812;20211221;   10;   5.2;   1.7;    3;   0.0;   8;    0.000;   0;   6.5;   4.7; 1005.54;   -2.9;   95.67;   -1.2;   -6.2;   -8.0;eor
       2812;20211222;   10;   3.2;   1.0;    3;   0.0;   7;    1.117;   0;   7.7;   4.1; 1005.95;   -4.6;   94.25;   -2.3;   -7.2;   -8.0;eor
       2812;20211223;   10;   8.3;   2.6;    3;   0.0;   0;    0.000;   0;   7.9;   5.6;  997.74;    1.6;   79.96;    9.4;   -6.2;   -7.2;eor
       2812;20211224;   10;  10.5;   4.1;    3;   3.5;   6;    0.000;   0;   7.9;   9.4;  990.29;    8.9;   82.58;    9.7;    7.9;    6.9;eor
       2812;20211225;   10;   6.1;   2.1;    3;   3.9;   6;    0.000;   0;   7.9;  10.2;  986.97;    7.8;   95.58;   10.3;    3.3;    3.2;eor
       2812;20211226;   10;   5.0;   1.4;    3;   7.7;   6;    0.000;   0;   7.8;   8.1;  988.18;    4.5;   96.33;    6.8;    2.9;    2.8;eor
       2812;20211227;   10;  10.6;   3.0;    3;   0.5;   6;    1.733;   0;   7.6;   9.5;  984.70;    8.0;   88.13;   10.1;    3.6;    2.1;eor
       2812;20211228;   10;  15.8;   6.0;    3;   5.6;   6;    0.000;   0;   7.7;  10.0;  982.84;   10.9;   76.67;   13.3;    8.2;    6.6;eor
       2812;20211229;   10;  14.4;   4.3;    3;   3.3;   6;    0.000;   0;   7.9;  10.8;  992.97;   10.4;   85.67;   13.6;    8.8;    7.8;eor
       2812;20211230;   10;   8.8;   3.6;    3;   0.8;   6;    0.067;   0;   7.8;  13.8; 1003.08;   13.6;   88.88;   15.2;   10.4;    9.0;eor
       2812;20211231;   10;   6.7;   2.4;    3;   0.0;   0;    6.533;   0;   3.0;  10.4; 1005.83;    9.7;   86.21;   14.3;    4.7;    2.4;eor
       2812;20220101;   10;   4.6;   1.5;    3;   0.0;   0;    6.933;   0;   5.3;   8.9; 1008.05;    7.3;   87.29;   14.0;    2.8;    0.5;eor
       2812;20220102;   10;  11.3;   3.2;    3;   0.0;   6;    1.583;   0;   7.2;   8.4; 1002.29;    8.2;   78.54;   13.9;    2.4;    1.2;eor
       2812;20220103;   10;  12.2;   5.4;    3;   1.2;   6;    0.150;   0;   8.0;   9.9;  998.56;   11.4;   73.33;   12.7;    9.7;    8.1;eor
       2812;20220104;   10;  19.2;   6.3;    3;  10.7;   6;    0.000;   0;   7.8;   9.9;  983.40;   10.7;   77.75;   15.7;    5.6;    4.7;eor
       2812;20220105;   10;  12.0;   4.1;    3;   1.2;   8;    2.317;   0;   7.2;   6.0;  992.38;    4.1;   72.42;    6.2;    2.3;    0.9;eor
       2812;20220106;   10;   7.1;   2.5;    3;   0.0;   6;    0.833;   0;   5.5;   6.2; 1001.52;    2.2;   87.13;    5.4;   -2.3;   -4.0;eor
       2812;20220107;   10;  11.6;   4.7;    3;   2.1;   8;    0.000;   0;   7.5;   5.7;  999.81;    1.7;   82.79;    5.0;   -2.2;   -3.1;eor
       2812;20220108;   10;  14.2;   6.2;    3;   2.6;   6;    0.200;   0;   7.7;   6.3;  992.42;    4.6;   74.04;    7.3;    1.7;   -1.0;eor
       2812;20220109;   10;  18.7;   4.5;    3;   3.4;   6;    0.650;   0;   7.2;   7.2;  986.11;    4.5;   85.29;    7.5;    1.0;   -0.4;eor
       2812;20220110;   10;   4.5;   1.4;    3;   0.0;   0;    2.850;   0;   5.5;   6.5; 1002.03;    1.8;   93.33;    5.3;   -1.9;   -2.8;eor
       2812;20220111;   10;   5.1;   1.9;    3;   0.0;   0;    0.550;   0;   5.8;   5.6; 1013.29;   -0.8;   96.88;    3.1;   -3.0;   -6.1;eor
       2812;20220112;   10;   5.7;   1.4;    3;   0.0;   0;    7.117;   0;   1.9;   4.9; 1018.91;   -1.2;   88.25;    2.5;   -5.1;   -6.6;eor
       2812;20220113;   10;   5.6;   1.6;    3;   0.0;   6;    6.750;   0;   2.8;   4.8; 1021.02;   -2.0;   91.54;    1.3;   -5.9;   -7.1;eor
       2812;20220114;   10;   4.2;   1.5;    3;   0.0;   0;    1.567;   0;   7.1;   5.1; 1016.80;   -2.1;   97.13;    0.9;   -4.5;   -4.7;eor
       2812;20220115;   10;   4.4;   1.8;    3;   0.0;   8;    0.000;   0;   8.0;   5.1; 1009.95;   -2.1;   98.54;   -1.5;   -3.1;   -2.8;eor
       2812;20220116;   10;   7.1;   2.4;    3;   0.1;   8;    3.167;   0;   6.6;   5.4; 1010.60;    0.2;   86.88;    3.6;   -3.8;   -5.5;eor
       2812;20220117;   10;   6.8;   2.2;    3;   0.5;   6;    0.817;   0;   7.9;   6.3; 1017.09;    3.0;   83.13;    6.0;    0.5;   -0.1;eor
       2812;20220118;   10;   7.4;   2.6;    3;   0.0;   0;    2.867;   0;   4.7;   6.9; 1017.19;    3.9;   85.13;    7.6;    0.4;   -2.2;eor
       2812;20220119;   10;   9.1;   3.4;    3;   2.3;   6;    5.217;   0;   3.3;   5.7; 1009.86;    2.0;   80.63;    5.0;   -2.7;   -4.6;eor
       2812;20220120;   10;  10.4;   3.2;    3;   0.2;   8;    0.667;   0;   7.7;   6.4; 1009.72;    2.7;   86.46;    5.1;    0.0;   -2.3;eor
       2812;20220121;   10;   3.8;   1.3;    3;   0.0;   8;    1.017;   0;   7.7;   5.6; 1015.19;    1.8;   81.13;    4.1;   -1.2;   -2.9;eor
       2812;20220122;   10;   4.6;   1.7;    3;   0.0;   6;    0.000;   0;   8.0;   6.2; 1016.23;    3.4;   79.33;    5.3;    1.9;    0.8;eor
       2812;20220123;   10;   8.1;   2.1;    3;   0.0;   0;    0.017;   0;   6.2;   6.5; 1015.49;    3.6;   82.38;    6.1;    0.0;   -2.1;eor
       2812;20220124;   10;   4.3;   1.1;    3;   0.0;   0;    6.733;   0;   0.3;   5.3; 1014.06;    0.4;   85.25;    5.4;   -3.7;   -5.3;eor
       2812;20220125;   10;   5.1;   1.5;    3;   0.0;   6;    7.683;   0;   1.8;   5.4; 1014.23;   -0.1;   89.08;    5.4;   -4.4;   -6.0;eor
       2812;20220126;   10;   4.7;   1.5;    3;   0.0;   6;    0.000;   0;   8.0;   5.5; 1014.70;   -0.9;   95.96;   -0.5;   -1.6;   -1.7;eor
       2812;20220127;   10;  10.8;   4.3;    3;   0.2;   6;    0.000;   0;   8.0;   5.1; 1012.70;   -0.5;   86.58;    2.2;   -2.1;   -1.9;eor
       2812;20220128;   10;   7.0;   3.0;    3;   0.0;   0;    2.283;   0;   7.4;   6.5; 1016.96;    3.2;   84.58;    6.3;    0.8;   -0.5;eor
       2812;20220129;   10;  12.1;   4.8;    3;   1.0;   6;    0.000;   0;   7.9;   6.4; 1013.80;    3.0;   84.17;    5.7;   -0.8;   -1.9;eor
       2812;20220130;   10;   8.9;   2.6;    3;   0.0;   6;    1.933;   0;   5.6;   7.1; 1010.56;    4.5;   84.58;    8.4;   -1.5;   -3.3;eor
       2812;20220131;   10;  14.4;   5.4;    3;   1.0;   6;    0.667;   0;   7.6;   6.3;  998.83;    4.7;   74.25;    7.3;    1.0;    0.0;eor
       2812;20220201;   10;  15.0;   5.7;    3;   1.1;   8;    0.000;   0;   7.8;   6.2; 1003.41;    4.1;   75.54;    4.8;    3.1;    1.8;eor
       2812;20220202;   10;   8.8;   3.3;    3;   1.2;   6;    0.000;   0;   7.8;   9.3; 1003.14;    7.8;   87.42;    9.9;    4.8;    3.7;eor
       2812;20220203;   10;   5.5;   2.0;    3;   0.0;   0;    0.417;   0;   8.0;   9.1; 1000.83;    7.7;   86.67;    9.9;    2.4;   -0.2;eor
       2812;20220204;   10;  13.8;   4.0;    3;   1.7;   6;    0.083;   0;   7.3;   7.7;  998.51;    6.4;   80.79;    8.6;    1.2;   -0.5;eor
       2812;20220205;   10;   7.6;   3.2;    3;   0.0;   0;    7.517;   0;   2.1;   5.8; 1006.31;    4.0;   72.21;    8.7;   -1.2;   -3.0;eor
       2812;20220206;   10;  19.2;   8.3;    3;  12.1;   8;    0.200;   0;   7.8;   7.2;  998.23;    5.9;   76.42;    8.4;    2.6;    1.3;eor
       2812;20220207;   10;  18.0;   3.8;    3;   0.0;   6;    2.500;   0;   4.7;   6.0; 1006.43;    4.1;   73.42;    7.6;   -0.6;   -2.3;eor
       2812;20220208;   10;   9.7;   3.2;    3;   0.0;   0;    4.133;   0;   7.1;   6.3; 1014.29;    5.8;   69.21;   11.0;    1.1;   -1.6;eor
       2812;20220209;   10;   6.0;   2.2;    3;   0.0;   0;    8.717;   0;   0.8;   6.6; 1010.11;    5.3;   75.25;   12.6;   -1.7;   -2.9;eor
       2812;20220210;   10;  14.1;   3.2;    3;   0.2;   6;    4.900;   0;   5.5;   7.1; 1005.32;    6.8;   72.42;   12.7;   -0.5;   -2.4;eor
       2812;20220211;   10;  12.6;   2.5;    3;   0.0;   0;    5.917;   0;   3.8;   6.0; 1011.73;    4.3;   72.50;    8.1;   -2.1;   -4.2;eor
       2812;20220212;   10;   4.2;   1.4;    3;   0.0;   0;    5.717;   0;   6.2;   5.1; 1010.05;    0.8;   81.38;    7.4;   -3.7;   -5.7;eor
       2812;20220213;   10;  10.6;   2.8;    3;   0.0;   0;    8.917;   0;   3.9;   5.4;  998.97;    5.3;   63.96;   13.4;   -3.1;   -4.5;eor
       2812;20220214;   10;  12.9;   3.9;    3;   2.3;   6;    0.000;-999;   6.8;   7.4;  990.14;    6.7;   74.33;   12.0;    0.2;   -1.8;eor
       2812;20220215;   10;  11.8;   3.9;    3;   0.6;   6;    1.367;   0;   7.3;   7.6;  996.70;    6.7;   77.75;    9.7;    5.4;    4.0;eor
       2812;20220216;   10;  15.8;   8.3;    3;   0.3;   6;    0.000;   0;   7.8;   9.1;  991.65;    9.6;   74.75;   13.4;    6.5;    5.8;eor
       2812;20220217;   10;  18.2;   7.8;    3;   0.0;   6;    3.267;   0;   7.3;   8.9;  994.09;   12.5;   61.04;   15.0;    9.5;    8.1;eor
       2812;20220218;   10;  18.6;   6.3;    3;   0.0;   6;    0.083;   0;   8.0;   9.1;  992.57;   11.8;   65.17;   16.4;    7.6;    6.5;eor
       2812;20220219;   10;  12.6;   5.7;    3;   0.0;   6;    8.283;   0;   4.8;   5.3; 1000.80;    7.4;   52.00;   10.5;    4.6;    2.5;eor
       2812;20220220;   10;  18.8;   8.5;    3;   4.9;   8;    0.050;   0;   7.8;   7.7;  999.23;    8.3;   69.63;   10.8;    5.9;    5.2;eor
       2812;20220221;   10;  21.0;   7.6;    3;   0.1;   6;    1.483;   0;   6.9;   7.0;  992.79;    7.6;   67.38;   10.8;    4.3;    3.0;eor
       2812;20220222;   10;  10.5;   4.3;    3;   0.5;   6;    0.033;   0;   7.8;   7.7; 1004.68;    7.8;   73.21;   10.3;    4.0;    1.1;eor
       2812;20220223;   10;   9.0;   2.1;    3;   0.0;   0;    8.817;   0;   4.6;   8.4; 1007.07;    8.7;   75.71;   13.3;    4.1;    1.7;eor
       2812;20220224;   10;  14.5;   4.0;    3;   1.5;   6;    2.367;   0;   7.5;   7.3;  999.36;    7.8;   72.13;   13.6;    2.0;    0.7;eor
       2812;20220225;   10;  13.0;   3.6;    3;   3.1;   8;    3.550;   0;   5.3;   6.1; 1008.20;    3.8;   77.75;    8.5;    0.6;   -1.0;eor
       2812;20220226;   10;   8.2;   2.1;    3;   0.0;   0;    6.717;   0;   3.3;   5.6; 1013.86;    3.6;   73.13;    8.6;   -0.2;   -2.3;eor
       2812;20220227;   10;  12.2;   3.4;    3;   0.0;   0;    9.867;   0;   0.0;   4.6; 1010.50;    4.5;   56.38;   10.8;   -2.1;   -4.1;eor
       2812;20220228;   10;   6.4;   1.8;    3;   0.0;   0;    9.883;   0;   0.0;   4.8; 1011.18;    3.4;   62.50;    9.6;   -3.8;   -6.0;eor
       2812;20220301;   10;   6.9;   2.1;    3;   0.0;   0;    9.250;   0;   4.3;   4.6; 1008.95;    3.4;   59.92;    9.3;   -3.7;   -5.9;eor
       2812;20220302;   10;   4.6;   1.5;    3;   0.0;   0;    1.267;   0;   6.7;   4.8; 1004.12;    1.9;   70.13;    7.9;   -3.7;   -6.0;eor
       2812;20220303;   10;   6.5;   1.7;    3;   0.0;   0;   10.083;   0;   0.1;   5.3;  999.15;    2.9;   72.33;   10.6;   -3.7;   -6.3;eor
       2812;20220304;   10;   9.0;   2.5;    3;   0.0;   0;   10.150;   0;   0.0;   4.6;  999.63;    2.3;   67.25;   10.2;   -4.0;   -7.4;eor
       2812;20220305;   10;   7.5;   2.4;    3;   0.0;   0;   10.200;   0;   0.0;   4.0; 1000.41;    1.8;   61.21;    9.1;   -5.0;   -7.8;eor
       2812;20220306;   10;  10.9;   3.1;    3;   0.0;   0;    9.117;   0;   0.9;   3.9; 1001.88;    1.7;   59.00;    8.3;   -4.9;   -7.8;eor
       2812;20220307;   10;  11.9;   3.9;    3;   0.0;   0;   10.283;   0;   1.0;   3.6; 1003.27;    1.7;   55.17;    7.9;   -5.1;   -6.8;eor
       2812;20220308;   10;  10.4;   3.6;    3;   0.0;   0;   10.433;   0;   0.1;   3.4; 1002.12;    4.8;   40.83;   11.0;   -2.8;   -5.9;eor
       2812;20220309;   10;   4.3;   1.5;    3;   0.0;   0;   10.417;   0;   0.7;   4.5; 1004.68;    4.4;   55.54;   13.5;   -4.9;   -7.1;eor
       2812;20220310;   10;   7.8;   1.7;    3;   0.0;   0;   10.533;   0;   0.3;   5.0; 1004.07;    5.8;   58.17;   15.3;   -3.4;   -6.4;eor
       2812;20220311;   10;   6.3;   1.7;    3;   0.0;   6;    8.150;   0;   6.3;   5.2;  998.88;    5.9;   58.17;   13.3;   -3.2;   -5.7;eor
       2812;20220312;   10;   7.2;   2.0;    3;   0.0;   0;    6.617;   0;   8.0;   6.9;  999.49;    8.6;   62.88;   15.7;    3.5;    0.6;eor
       2812;20220313;   10;   9.1;   2.3;    3;   1.6;   6;    3.600;   0;   7.7;   6.9;  997.02;    8.2;   64.92;   14.4;    0.4;   -2.1;eor
       2812;20220314;   10;   9.6;   2.8;    3;   0.0;   6;    9.017;   0;   6.1;   7.8; 1008.23;    9.7;   65.75;   14.9;    4.9;    3.2;eor
       2812;20220315;   10;   6.9;   1.8;    3;   0.3;   6;    0.000;   0;   6.0;   9.0; 1006.06;    8.6;   79.92;   12.1;    4.9;    3.5;eor
       2812;20220316;   10;   6.7;   1.7;    3;   0.0;   0;    0.000;   0;   7.3;   9.6; 1004.49;    7.6;   92.04;   10.5;    5.4;    4.5;eor
       2812;20220317;   10;  11.5;   3.5;    3;   0.2;   6;    0.000;   0;   7.6;   9.6; 1008.28;    8.5;   86.42;   12.7;    5.6;    4.8;eor
       2812;20220318;   10;  12.6;   6.0;    3;   0.0;   0;    2.533;   0;   7.8;   8.2; 1016.69;    8.9;   72.54;   12.9;    6.3;    4.9;eor
       2812;20220319;   10;  14.3;   5.9;    3;   0.1;   6;    9.633;   0;   2.4;   6.2; 1013.92;    8.5;   58.17;   14.4;    2.5;    0.8;eor
       2812;20220320;   10;   7.1;   2.1;    3;   1.0;   6;    8.067;   0;   3.4;   6.8; 1009.02;    9.8;   59.25;   18.4;    2.3;    0.7;eor
       2812;20220321;   10;   7.2;   2.1;    3;   0.0;   0;    7.800;   0;   4.4;   7.0; 1011.77;   10.0;   58.79;   17.8;    1.8;   -1.1;eor
       2812;20220322;   10;   5.2;   1.6;    3;   0.0;   0;   11.283;   0;   0.0;   5.9; 1011.86;    8.5;   57.33;   17.4;    0.1;   -2.8;eor
       2812;20220323;   10;   7.9;   1.9;    3;   0.0;   0;   11.300;   0;   0.0;   6.0; 1010.88;    8.8;   56.63;   18.5;   -0.5;   -3.8;eor
       2812;20220324;   10;   7.7;   1.9;    3;   0.0;   0;   11.367;   0;   0.0;   6.0; 1008.57;    9.7;   53.67;   19.8;   -0.3;   -3.4;eor
       2812;20220325;   10;   8.5;   2.7;    3;   0.0;   0;   11.150;   0;   0.0;   6.3; 1007.46;    9.9;   54.75;   19.4;    0.7;   -2.3;eor
       2812;20220326;   10;  11.3;   3.6;    3;   0.0;   0;   11.317;   0;   0.0;   6.2; 1008.02;   10.5;   50.88;   20.0;    0.9;   -2.9;eor
       2812;20220327;   10;   7.0;   2.3;    3;   0.0;   0;   11.550;   0;   0.0;   6.7; 1008.18;   11.3;   52.13;   21.3;   -0.1;   -3.4;eor
       2812;20220328;   10;   5.9;   1.4;    3;   0.0;   0;   10.767;   0;   2.7;   6.6; 1002.90;   12.3;   50.54;   22.8;    1.7;   -0.9;eor
       2812;20220329;   10;   8.5;   2.3;    3;   4.0;   6;    2.800;   0;   7.9;   6.7;  991.38;   13.2;   47.46;   19.8;    6.4;    3.7;eor
       2812;20220330;   10;   8.3;   2.6;    3;   4.0;   6;    0.433;   0;   7.8;  10.3;  983.43;   10.0;   84.46;   14.4;    7.8;    7.3;eor
       2812;20220331;   10;   7.6;   2.2;    3;   8.8;   6;    0.000;   0;   7.8;   9.5;  978.37;    7.3;   92.63;    8.6;    5.3;    5.0;eor
       2812;20220401;   10;   9.4;   4.7;    3;   3.8;   8;    0.000;   0;   7.7;   6.7;  983.26;    3.0;   87.96;    5.3;    0.3;    0.0;eor
       2812;20220402;   10;  14.1;   6.5;    3;   0.6;   8;    0.000;   0;   7.2;   5.9;  993.03;    0.8;   90.29;    2.3;    0.1;    0.0;eor
       2812;20220403;   10;   7.9;   2.8;    3;   0.0;   8;    1.233;   0;   6.3;   5.4; 1002.05;    1.7;   79.42;    4.7;   -2.2;   -4.3;eor
       2812;20220404;   10;  13.5;   4.3;    3;   0.0;   6;    8.617;   0;   4.5;   4.9;  999.69;    4.3;   61.79;   11.0;   -3.8;   -6.3;eor
       2812;20220405;   10;  11.3;   4.6;    3;   1.0;   6;    0.000;   0;   7.9;   7.6;  994.40;    8.9;   65.50;   11.9;    6.1;    4.8;eor
       2812;20220406;   10;   8.8;   3.8;    3;   0.1;   6;    0.667;   0;   7.9;  10.1;  989.01;   11.9;   72.83;   16.0;    9.7;    8.9;eor
       2812;20220407;   10;  23.8;   8.9;    3;   2.8;   6;    0.033;   0;   7.8;   9.9;  981.17;   11.9;   70.50;   15.1;   10.0;    8.8;eor
       2812;20220408;   10;  18.5;   5.3;    3;  19.4;   8;    0.233;   0;   7.8;   9.2;  981.17;    9.7;   76.71;   14.6;    1.5;    1.7;eor
       2812;20220409;   10;   9.6;   2.6;    3;   0.2;   6;    5.017;   0;   7.2;   6.6;  995.48;    5.8;   73.25;   10.4;    1.8;    1.9;eor
       2812;20220410;   10;   5.9;   2.0;    3;   0.0;   6;    8.100;   0;   5.9;   6.2; 1002.55;    7.1;   64.13;   12.5;    0.8;   -1.1;eor
       2812;20220411;   10;   6.9;   2.0;    3;   0.0;   0;   11.233;   0;   7.4;   7.3;  997.43;   10.7;   57.63;   18.0;    1.8;   -1.6;eor
       2812;20220412;   10;   3.4;   1.0;    3;   0.0;   0;    8.367;   0;   8.0;  10.1;  993.77;   13.5;   66.04;   22.3;    3.6;    1.1;eor
       2812;20220413;   10;   7.5;   2.2;    3;   0.0;   0;   10.083;   0;   6.2;  11.3;  996.40;   17.1;   60.58;   23.7;    9.5;    6.8;eor
       2812;20220414;   10;   8.7;   2.5;    3;   0.0;   6;    8.700;   0;   6.5;  12.5; 1001.13;   15.4;   72.08;   21.1;    9.5;    6.7;eor
       2812;20220415;   10;   8.2;   3.1;    3;   0.0;   0;   11.133;   0;   7.2;  11.2; 1005.04;   14.5;   70.08;   20.6;    8.4;    5.2;eor
       2812;20220416;   10;  11.3;   3.6;    3;   0.0;   0;   12.400;   0;   2.4;   7.9; 1008.33;   11.3;   61.08;   16.7;    4.9;    1.4;eor
       2812;20220417;   10;  12.3;   3.6;    3;   0.0;   0;   12.983;   0;   1.4;   5.4; 1005.14;   11.4;   42.50;   18.7;    2.9;   -1.0;eor
       2812;20220418;   10;   8.3;   2.7;    3;   0.0;   0;   12.917;   0;   0.0;   6.6;  998.10;   11.0;   52.21;   18.5;    1.7;   -1.8;eor
       2812;20220419;   10;   8.6;   2.2;    3;   0.0;   0;   11.417;   0;   5.3;   7.3;  993.53;   11.4;   57.04;   19.3;    2.2;   -1.0;eor
       2812;20220420;   10;  11.1;   3.9;    3;   0.0;   0;   13.033;   0;   4.4;   6.6;  992.80;   11.4;   50.67;   17.7;    5.0;    1.2;eor
       2812;20220421;   10;  11.7;   4.1;    3;   0.0;   0;   13.100;   0;   0.9;   7.6;  988.99;   10.6;   60.00;   18.5;    1.9;   -2.2;eor
       2812;20220422;   10;   8.8;   3.1;    3;   0.0;   0;   11.717;   0;   3.5;   9.1;  983.05;   12.4;   63.96;   19.2;    3.7;    0.5;eor
       2812;20220423;   10;   6.5;   2.6;    3;   5.6;   6;    1.100;   0;   7.8;   9.9;  981.77;   11.7;   72.42;   17.2;    5.5;    3.0;eor
       2812;20220424;   10;  11.4;   3.1;    3;   9.7;   6;    0.000;   0;   7.7;  10.9;  983.72;    9.9;   89.13;   11.0;    8.3;    7.6;eor
       2812;20220425;   10;   9.6;   2.1;    3;   8.1;   6;    2.400;   0;   7.7;  11.1;  991.60;   10.8;   86.13;   16.1;    6.4;    5.7;eor
       2812;20220426;   10;   9.7;   2.4;    3;   0.6;   6;    3.550;   0;   6.8;  10.3;  997.48;   10.4;   82.08;   14.5;    7.1;    4.3;eor
       2812;20220427;   10;  10.2;   3.0;    3;   0.0;   0;    5.733;   0;   4.7;   9.8; 1003.72;   11.1;   75.96;   16.7;    6.1;    3.1;eor
       2812;20220428;   10;   9.1;   2.5;    3;   0.0;   0;   13.433;   0;   0.8;   9.0; 1006.80;   12.9;   64.17;   21.2;    3.3;    0.3;eor
       2812;20220429;   10;   7.5;   2.3;    3;   0.0;   6;    5.717;   0;   8.0;   9.6; 1005.73;   13.3;   64.75;   19.4;    5.5;    3.0;eor
       2812;20220430;   10;   9.7;   3.6;    3;   0.0;   0;    6.383;   0;   4.9;  10.7; 1003.95;   11.7;   77.92;   15.7;    5.8;    2.7;eor
       2812;20220501;   10;   6.9;   1.9;    3;   0.0;   0;    8.833;   0;   3.1;   9.4; 1002.05;   10.3;   76.83;   16.7;    3.3;    0.7;eor
       2812;20220502;   10;   8.2;   2.1;    3;   0.0;   0;   12.167;   0;   2.6;  10.4;  997.38;   12.5;   73.79;   19.9;    4.1;    2.0;eor
       2812;20220503;   10;  10.3;   1.9;    3;   0.0;   0;   10.117;   0;   2.6;  10.7;  996.33;   13.8;   70.42;   21.7;    5.8;    3.2;eor
       2812;20220504;   10;   8.6;   1.8;    3;   1.0;   6;    4.767;   0;   7.0;  11.4;  998.19;   14.1;   72.25;   21.3;    7.5;    5.1;eor
       2812;20220505;   10;   7.1;   2.1;    3;   3.4;   6;    0.000;   0;   8.0;  12.4; 1002.49;   12.3;   86.83;   14.2;    9.7;    8.0;eor
       2812;20220506;   10;   7.8;   2.4;    3;   0.0;   6;    4.217;   0;   6.6;  11.9; 1004.40;   13.7;   78.08;   19.7;    7.0;    5.0;eor
       2812;20220507;   10;  10.3;   2.7;    3;   0.0;   0;   13.050;   0;   3.1;  10.3; 1003.03;   14.4;   66.25;   22.0;    5.5;    2.8;eor
       2812;20220508;   10;  11.5;   2.8;    3;   0.0;   0;    8.650;   0;   3.4;  11.0; 1003.34;   15.2;   65.75;   23.4;    6.5;    3.8;eor
       2812;20220509;   10;  11.1;   2.4;    3;   0.0;   6;   13.983;   0;   0.9;  12.8; 1004.39;   17.2;   67.21;   24.6;    8.0;    5.2;eor
       2812;20220510;   10;   7.6;   2.3;    3;   0.0;   0;    9.967;   0;   7.3;  13.3; 1001.43;   19.8;   60.21;   26.8;   11.2;    8.7;eor
       2812;20220511;   10;  13.3;   4.3;    3;   0.0;   0;   13.967;   0;   3.0;  12.2;  996.90;   23.0;   46.54;   29.7;   13.4;   11.2;eor
       2812;20220512;   10;  10.5;   2.6;    3;   5.3;   6;    6.583;   0;   7.3;  15.0; 1000.27;   20.8;   62.21;   26.1;   17.6;   14.7;eor
       2812;20220513;   10;   5.5;   1.7;    3;   0.0;   6;    6.400;   0;   5.9;  14.4; 1002.41;   18.0;   70.83;   23.3;   11.2;    7.9;eor
       2812;20220514;   10;   6.1;   1.6;    3;   0.0;   0;   13.833;   0;   4.0;  10.5; 1002.16;   16.9;   59.42;   24.4;    8.1;    5.1;eor
       2812;20220515;   10;   5.5;   1.9;    3;   0.0;   0;   13.917;   0;   6.3;  13.2;  998.07;   19.5;   60.08;   28.3;    8.9;    6.2;eor
       2812;20220516;   10;   9.4;   2.4;    3;   0.5;   6;    7.333;   0;   5.5;  15.2; 1000.21;   19.3;   69.04;   24.2;   13.1;    9.8;eor
       2812;20220517;   10;   5.8;   1.8;    3;   0.0;   0;   13.667;   0;   5.4;  14.6; 1001.95;   19.8;   66.58;   26.8;   11.3;    8.2;eor
       2812;20220518;   10;  11.3;   2.6;    3;   0.0;   0;   14.050;   0;   3.8;  14.6; 1001.75;   23.0;   54.04;   29.5;   14.1;   11.2;eor
       2812;20220519;   10;  12.2;   3.4;    3;   0.0;   4;   11.650;   0;   7.0;  15.4; 1001.36;   25.0;   49.83;   31.9;   16.0;   13.3;eor
       2812;20220520;   10;  16.5;   3.7;    3;   0.5;   6;    9.717;   0;   7.1;  15.8; 1000.51;   24.7;   54.92;   33.3;   16.5;   13.9;eor
       2812;20220521;   10;   8.5;   2.4;    3;   0.0;   0;   12.433;   0;   4.1;  11.6; 1003.56;   18.1;   57.21;   23.3;   11.8;    7.7;eor
       2812;20220522;   10;   6.7;   1.7;    3;   0.0;   6;    8.400;   0;   7.1;  12.0;  995.48;   17.8;   61.83;   25.2;    9.1;    6.2;eor
       2812;20220523;   10;  15.4;   3.4;    3;   3.3;   6;    2.683;   0;   7.3;  15.7;  986.73;   19.3;   70.71;   26.1;   13.6;   11.6;eor
       2812;20220524;   10;  15.6;   3.3;    3;   0.8;   6;    5.317;   0;   6.5;  12.2;  991.18;   17.1;   64.25;   21.8;   10.5;    7.6;eor
       2812;20220525;   10;   6.9;   1.7;    3;   0.0;   0;   11.750;   0;   5.0;  10.5;  999.17;   17.3;   57.08;   23.1;    9.8;    7.5;eor
       2812;20220526;   10;   6.6;   2.2;    3;   0.0;   0;    5.267;   0;   4.3;  11.7; 1005.30;   16.9;   61.58;   21.8;   11.6;   10.0;eor
       2812;20220527;   10;  10.4;   3.4;    3;   0.0;   6;    6.367;   0;   5.3;  12.3; 1004.44;   16.2;   67.92;   21.7;   10.0;    8.1;eor
       2812;20220528;   10;   9.0;   3.3;    3;   0.0;   0;   12.650;   0;   4.4;   9.0; 1000.85;   14.5;   56.67;   20.1;    7.7;    4.1;eor
       2812;20220529;   10;  10.4;   3.5;    3;   0.1;   6;    9.550;   0;   5.8;   8.3;  994.18;   12.0;   60.96;   17.6;    6.9;    3.8;eor
       2812;20220530;   10;  12.2;   2.2;    3;   0.0;   0;   14.833;   0;   1.3;   7.6;  992.89;   13.1;   54.54;   20.6;    4.0;   -0.3;eor
       2812;20220531;   10;   8.4;   1.8;    3;   0.0;   6;    8.700;   0;   6.0;   9.5;  993.97;   16.0;   55.33;   24.6;    6.7;    3.6;eor
       2812;20220601;    3;   9.7;   2.9;    3;   0.0;   0;    9.750;   0;   5.8;  11.1;  996.84;   18.1;   56.08;   25.2;   10.0;    7.1;eor
       2812;20220602;    3;   7.7;   2.7;    3;   0.0;   6;    9.833;   0;   7.8;  12.0;  999.50;   18.6;   56.38;   24.1;   11.5;    9.8;eor
       2812;20220603;    3;   7.0;   1.7;    3;   1.7;   6;    5.567;   0;   7.3;  15.8;  997.33;   18.9;   72.04;   25.4;   11.6;    9.6;eor
       2812;20220604;    3;   7.3;   2.4;    3;   3.1;   6;    8.050;   0;   6.0;  17.9;  998.35;   21.1;   73.75;   27.6;   15.2;   13.1;eor
       2812;20220605;    3;  19.5;   3.5;    3;   2.6;   6;    5.400;   0;   6.4;  18.1;  997.08;   20.4;   76.33;   26.3;   15.9;   13.0;eor
       2812;20220606;    3;  12.3;   2.8;    3;   1.1;   6;    4.067;   0;   7.1;  14.8;  999.09;   19.8;   65.42;   25.1;   15.2;   13.1;eor
       2812;20220607;    3;   8.9;   2.7;    3;   0.1;   6;    3.050;   0;   6.5;  15.5;  997.60;   17.7;   77.21;   23.3;   12.9;   11.0;eor
       2812;20220608;    3;  10.1;   3.0;    3;   5.4;   6;    5.517;   0;   6.5;  14.3;  992.86;   17.1;   75.46;   23.7;   11.8;    9.7;eor
       2812;20220609;    3;   9.4;   2.5;    3;   0.0;   6;    5.733;   0;   5.5;  12.7;  998.66;   16.6;   68.92;   21.1;   10.4;    7.6;eor
       2812;20220610;    3;   5.7;   1.4;    3;   0.0;   0;   15.100;   0;   0.4;  11.5; 1004.66;   17.9;   60.54;   26.2;    8.2;    5.2;eor
       2812;20220611;    3;   7.0;   1.6;    3;   0.0;   0;   15.050;   0;   0.0;  12.6; 1004.21;   20.7;   56.04;   29.2;   10.4;    7.6;eor
       2812;20220612;    3;   9.2;   2.0;    3;   8.6;   6;   13.567;   0;   2.5;  15.3; 1002.02;   22.6;   59.54;   30.1;   12.6;   10.1;eor
       2812;20220613;    3;   8.2;   2.4;    3;   0.0;   0;   14.233;   0;   2.2;  12.9; 1002.82;   19.5;   59.54;   24.4;   11.2;    8.8;eor
       2812;20220614;    3;   8.5;   2.6;    3;   0.0;   0;   14.083;   0;   2.8;  12.8; 1000.85;   19.3;   60.38;   27.5;    9.7;    6.7;eor
       2812;20220615;    3;   5.7;   1.5;    3;   0.0;   0;   14.917;   0;   0.8;  14.0;  997.77;   22.6;   54.83;   31.0;   11.4;    9.1;eor
       2812;20220616;    3;   9.1;   2.7;    3;   0.0;   0;   13.633;   0;   4.3;  13.6; 1000.27;   24.0;   48.08;   30.8;   16.3;   11.5;eor
       2812;20220617;    3;   7.2;   1.9;    3;   0.0;   0;   13.950;   0;   7.7;  12.6; 1004.47;   22.7;   48.17;   30.4;   13.8;   10.2;eor
       2812;20220618;    3;   4.8;   1.7;    3;   0.0;   0;   13.533;   0;   1.5;  15.5;  998.87;   26.2;   48.08;   35.8;   14.9;   12.1;eor
       2812;20220619;    3;  11.1;   3.3;    3;   1.3;   6;   13.967;   0;   0.0;  15.4;  990.60;   29.2;   40.96;   37.1;   19.9;   18.0;eor
       2812;20220620;    3;  12.2;   4.2;    3;   0.0;   6;   10.417;   0;   4.7;  17.3;  994.21;   23.0;   61.75;   29.2;   14.4;   13.3;eor
       2812;20220621;    3;   7.3;   2.2;    3;   0.4;   6;    8.950;   0;   6.5;  15.2;  993.54;   21.3;   60.67;   29.7;   12.3;   11.4;eor
       2812;20220622;    3;   6.6;   1.8;    3;   3.3;   6;    0.000;   0;   7.8;  20.5;  993.01;   20.8;   83.54;   23.4;   18.3;   16.6;eor
       2812;20220623;    3;  17.9;   2.3;    3;  22.5;   6;   12.800;   0;   3.9;  18.5;  993.11;   23.1;   69.17;   31.2;   15.7;   14.0;eor
       2812;20220624;    3;  12.1;   3.0;    3;  10.9;   6;    5.317;   0;   5.6;  18.0;  992.60;   19.2;   82.00;   24.9;   15.9;   14.0;eor
       2812;20220625;    3;   8.9;   1.7;    3;   3.0;   6;   13.600;   0;   3.0;  16.0;  994.49;   21.8;   63.88;   28.6;   13.5;   12.0;eor
       2812;20220626;    3;  12.8;   3.6;    3;  30.4;   6;    7.833;   0;   6.1;  18.7;  995.79;   20.9;   76.75;   25.8;   16.5;   15.2;eor
       2812;20220627;    3;   8.5;   2.3;    3;   0.5;   6;    0.983;   0;   7.8;  18.6;  999.40;   19.4;   83.13;   23.7;   15.0;   13.3;eor
       2812;20220628;    3;   7.8;   1.9;    3;   0.0;   0;    5.317;   0;   6.2;  17.3; 1000.53;   19.5;   77.58;   25.0;   13.0;   11.6;eor
       2812;20220629;    3;   5.2;   1.5;    3;   0.0;   0;    9.750;   0;   2.5;  17.4;  995.31;   22.3;   66.63;   28.3;   16.0;   14.6;eor
       2812;20220630;    3;   9.4;   1.9;    3;   7.6;   6;    9.750;   0;   3.3;  17.5;  993.70;   22.1;   68.79;   31.2;   15.3;   13.9;eor
       2812;20220701;    3;   8.1;   1.7;    3;   1.5;   6;    5.667;   0;   5.5;  14.6; 1001.75;   17.0;   76.58;   21.8;   12.7;   10.7;eor
       2812;20220702;    3;   9.2;   1.6;    3;   0.0;   0;   15.117;   0;   0.0;  14.7; 1001.92;   20.1;   66.04;   28.3;   10.2;    8.7;eor
       2812;20220703;    3;   6.2;   2.1;    3;   0.0;   0;   12.833;   0;   2.9;  15.4;  999.72;   23.6;   55.96;   31.1;   14.8;   12.9;eor
       2812;20220704;    3;   7.1;   2.3;    3;   0.0;   0;   10.133;   0;   6.8;  15.3; 1000.76;   21.4;   61.29;   26.6;   14.5;   12.2;eor
       2812;20220705;    3;   6.8;   1.6;    3;   0.0;   0;   14.833;   0;   0.2;  13.2; 1002.44;   20.9;   56.75;   27.4;   12.8;   10.2;eor
       2812;20220706;    3;  10.0;   3.2;    3;   0.0;   0;   12.533;   0;   3.4;  12.4; 1005.11;   18.8;   58.83;   24.4;   12.3;    9.5;eor
       2812;20220707;    3;   9.6;   2.9;    3;   0.0;   0;    3.250;   0;   5.7;  13.1; 1005.63;   18.0;   63.88;   23.7;   10.8;    8.6;eor
       2812;20220708;    3;   9.5;   3.0;    3;   0.0;   0;   14.967;   0;   1.0;  11.9; 1010.42;   18.1;   59.04;   23.5;   11.6;    9.1;eor
       2812;20220709;    3;   9.2;   2.0;    3;   0.0;   0;   13.883;   0;   5.9;  13.1; 1007.11;   19.9;   59.83;   26.9;   10.0;    7.4;eor
       2812;20220710;    3;  10.8;   4.9;    3;   0.0;   0;   14.100;   0;   1.8;  13.0; 1005.27;   18.8;   60.71;   23.1;   12.5;    9.0;eor
       2812;20220711;    3;  10.3;   3.0;    3;   0.0;   0;   14.300;   0;   2.5;  13.6; 1003.88;   19.0;   63.71;   26.5;    9.6;    7.0;eor
       2812;20220712;    3;  10.1;   2.7;    3;   0.0;   0;   14.767;   0;   4.1;  14.8; 1004.88;   20.9;   62.79;   28.2;   12.9;    9.7;eor
       2812;20220713;    3;   5.2;   1.4;    3;   0.0;   0;    8.533;   0;   5.3;  13.5; 1002.98;   23.3;   52.38;   33.0;   11.9;    9.0;eor
       2812;20220714;    3;  13.9;   3.8;    3;   0.0;   0;   12.633;   0;   5.6;  13.7;  999.04;   26.1;   43.04;   35.4;   16.3;   13.3;eor
       2812;20220715;    3;   9.7;   2.9;    3;   0.0;   0;   14.650;   0;   0.1;  12.4; 1001.43;   20.7;   52.92;   26.9;   13.7;   10.1;eor
       2812;20220716;    3;   9.9;   2.8;    3;   0.0;   0;   14.800;   0;   1.2;  11.5; 1003.62;   20.1;   52.08;   27.2;   11.0;    7.7;eor
       2812;20220717;    3;   9.4;   3.3;    3;   0.0;   0;   14.733;   0;   1.0;  11.9; 1005.50;   21.3;   50.25;   29.7;   11.8;    8.7;eor
       2812;20220718;    3;   7.6;   2.0;    3;   0.0;   0;   14.417;   0;   4.3;  12.7; 1003.45;   23.6;   47.67;   33.5;   12.3;    9.3;eor
       2812;20220719;    3;   8.7;   1.9;    3;   0.0;   0;   14.650;   0;   0.7;  14.3;  998.37;   26.8;   45.13;   37.4;   14.4;   11.2;eor
       2812;20220720;    3;  16.4;   2.7;    3;  24.0;   6;    8.367;   0;   5.5;  18.1;  998.80;   24.8;   61.04;   33.0;   17.1;   15.4;eor
       2812;20220721;    3;   6.1;   2.1;    3;   0.0;   0;   12.667;   0;   2.0;  18.8; 1002.29;   22.8;   70.42;   29.0;   17.4;   15.8;eor
       2812;20220722;    3;   7.3;   2.3;    3;   1.9;   6;   12.417;   0;   3.0;  19.4;  999.14;   23.4;   69.50;   30.5;   15.4;   13.9;eor
       2812;20220723;    3;   7.7;   1.9;    3;   0.0;   0;    8.883;   0;   6.5;  18.8;  999.54;   23.5;   67.00;   29.7;   17.5;   16.7;eor
       2812;20220724;    3;   5.8;   1.2;    3;   0.0;   0;   14.450;   0;   2.0;  17.4;  999.33;   24.3;   61.08;   31.7;   16.3;   14.5;eor
       2812;20220725;    3;  11.5;   3.3;    3;   0.0;   6;   11.500;   0;   2.6;  17.4;  994.10;   26.2;   53.83;   34.1;   17.6;   15.7;eor
       2812;20220726;    3;   8.3;   2.2;    3;   0.0;   0;    9.733;   0;   5.1;  14.5;  998.25;   22.2;   55.04;   26.7;   17.5;   15.4;eor
       2812;20220727;    3;  10.0;   3.0;    3;   0.0;   0;   10.983;   0;   4.3;  13.9;  997.65;   20.8;   58.25;   27.0;   14.2;   11.5;eor
       2812;20220728;    3;   8.9;   2.6;    3;   0.0;   0;   10.900;   0;   6.6;  14.6;  995.23;   22.1;   55.79;   29.3;   13.2;   11.4;eor
       2812;20220729;    3;   8.6;   2.4;    3;   0.0;   0;    4.883;   0;   6.1;  15.2;  996.87;   22.6;   57.33;   27.5;   15.4;   13.5;eor
       2812;20220730;    3;  10.9;   1.9;    3;   0.0;   0;   11.117;   0;   3.4;  14.1; 1000.19;   22.9;   53.17;   30.2;   13.5;   11.3;eor
       2812;20220731;    3;   9.1;   2.4;    3;   0.0;   0;   12.317;   0;   3.8;  14.2;  999.24;   24.4;   50.25;   32.4;   13.8;   11.9;eor
       2812;20220801;    3;  11.4;   2.0;    3;  19.3;   6;    8.867;   0;   3.0;  16.8;  999.29;   22.0;   66.17;   29.9;   15.6;   13.1;eor
       2812;20220802;    3;   5.2;   1.3;    3;   0.0;   0;   12.717;   0;   5.8;  16.8;  999.40;   22.2;   66.58;   29.9;   14.2;   13.2;eor
       2812;20220803;    3;   5.6;   1.3;    3;   0.0;   0;   14.100;   0;   2.4;  16.9;  996.63;   25.2;   56.88;   34.7;   15.9;   14.0;eor
       2812;20220804;    3;   7.3;   1.7;    3;   0.0;   6;   13.517;   0;   2.0;  17.0;  994.53;   27.9;   49.21;   36.9;   17.5;   15.8;eor
       2812;20220805;    3;  12.3;   4.4;    3;   0.0;   0;    8.817;   0;   7.3;  17.8;  997.95;   25.1;   56.63;   31.8;   19.9;   18.2;eor
       2812;20220806;    3;  10.9;   4.8;    3;   0.0;   0;   10.133;   0;   4.3;  12.7; 1004.03;   21.3;   50.88;   27.5;   13.8;   10.6;eor
       2812;20220807;    3;  11.5;   3.8;    3;   0.0;   0;   13.867;   0;   0.0;  10.8; 1001.72;   20.2;   48.08;   28.8;   10.8;    8.6;eor
       2812;20220808;    3;  12.0;   3.4;    3;   0.0;   0;   13.817;   0;   1.5;  11.5; 1002.22;   21.4;   48.58;   30.8;   10.2;    8.0;eor
       2812;20220809;    3;  12.2;   2.9;    3;   0.0;   0;   13.800;   0;   0.3;  11.8; 1003.43;   22.8;   46.75;   32.2;   11.9;    9.3;eor
       2812;20220810;    3;  10.2;   3.1;    3;   0.0;   0;   13.733;   0;   0.1;  11.2; 1002.41;   23.1;   43.38;   31.6;   12.7;    9.4;eor
       2812;20220811;    3;  10.2;   2.7;    3;   0.0;   0;   13.700;   0;   2.1;  10.9;  999.82;   23.1;   42.67;   32.0;   12.9;    9.3;eor
       2812;20220812;    3;   9.5;   2.7;    3;   0.0;   0;   13.650;   0;   0.5;  10.7;  997.40;   22.6;   43.33;   31.8;   12.8;    9.9;eor
       2812;20220813;    3;  17.4;   2.7;    3;   0.0;   0;   13.600;   0;   0.1;  11.1;  995.58;   23.5;   41.17;   31.9;   12.7;    9.2;eor
       2812;20220814;    3;  10.1;   2.7;    3;   0.7;   6;    8.800;   0;   7.1;  13.5;  990.12;   23.2;   49.33;   31.0;   11.8;    9.5;eor
       2812;20220815;    3;  16.7;   3.4;    3;  16.9;   6;    8.950;   0;   5.5;  17.3;  989.81;   21.1;   70.08;   27.6;   15.5;   15.2;eor
       2812;20220816;    3;   4.7;   1.9;    3;   0.3;   6;   13.117;   0;   2.4;  16.7;  991.34;   23.0;   62.04;   29.8;   17.3;   15.3;eor
       2812;20220817;    3;  10.5;   2.5;    3;   7.7;   6;    2.567;   0;   7.6;  18.6;  992.90;   21.5;   73.63;   27.5;   17.4;   16.2;eor
       2812;20220818;    3;   4.9;   1.7;    3;   0.3;   6;    0.133;   0;   7.9;  19.6;  994.34;   19.8;   85.29;   23.0;   17.2;   16.8;eor
       2812;20220819;    3;   7.9;   2.5;    3;   0.4;   6;    3.067;   0;   6.4;  19.7;  996.18;   21.3;   78.88;   26.4;   17.7;   16.0;eor
       2812;20220820;    3;   5.8;   1.7;    3;  14.5;   6;    5.533;   0;   4.5;  18.0;  999.38;   19.9;   78.58;   25.8;   13.5;   12.0;eor
       2812;20220821;    3;   6.4;   1.1;    3;   0.0;   0;   12.417;   0;   3.9;  13.5;  997.81;   19.7;   63.75;   28.1;   11.3;    9.8;eor
       2812;20220822;    3;   4.9;   1.3;    3;   0.0;   0;   12.283;   0;   3.1;  14.0;  995.67;   21.3;   59.54;   29.8;   12.9;   11.5;eor
       2812;20220823;    3;   5.2;   1.4;    3;   0.0;   0;   12.917;   0;   2.1;  15.0;  997.66;   22.6;   57.96;   30.2;   14.1;   11.7;eor
       2812;20220824;    3;   7.7;   2.1;    3;   0.0;   0;   12.917;   0;   7.6;  14.1;  998.47;   23.7;   52.67;   32.0;   14.4;   12.0;eor
       2812;20220825;    3;   5.8;   1.5;    3;   0.0;   0;   12.950;   0;   0.0;  16.5;  995.98;   23.6;   60.13;   31.5;   15.1;   13.3;eor
       2812;20220826;    3;  14.2;   2.0;    3;   0.0;   6;   11.183;   0;   6.3;  18.2;  995.02;   22.8;   67.29;   30.6;   15.1;   13.4;eor
       2812;20220827;    3;   9.0;   2.2;    3;   0.2;   6;    4.050;   0;   6.9;  19.5;  996.12;   21.0;   78.83;   24.8;   17.1;   14.6;eor
       2812;20220828;    3;   8.7;   2.5;    3;   0.0;   0;    8.900;   0;   4.2;  17.7;  997.90;   20.8;   74.08;   27.3;   14.3;   12.3;eor
       2812;20220829;    3;   7.9;   2.7;    3;   0.0;   6;   12.583;   0;   3.0;  15.6;  999.30;   21.2;   64.08;   29.1;   13.5;   11.7;eor
       2812;20220830;    3;  17.1;   2.4;    3;  19.3;   6;    8.667;   0;   6.2;  16.2;  998.49;   22.3;   63.17;   30.5;   13.6;   11.3;eor
       2812;20220831;    3;   7.8;   2.4;    3;   0.0;   6;    4.833;   0;   6.6;  18.3; 1000.34;   19.5;   81.71;   25.3;   15.1;   13.3;eor
       2812;20220901;    3;   7.3;   2.3;    3;   0.0;   0;    9.700;   0;   5.6;  15.0;  998.65;   19.1;   70.38;   25.9;   12.7;   11.5;eor
       2812;20220902;    3;  10.8;   2.1;    3;   1.5;   6;   10.450;   0;   3.9;  13.7;  995.15;   19.7;   62.46;   26.7;   11.5;    8.9;eor
       2812;20220903;    3;  11.3;   1.9;    3;   5.8;   6;    2.650;   0;   5.8;  17.3;  995.18;   18.3;   82.63;   23.5;   14.3;   13.0;eor
       2812;20220904;    3;   5.1;   1.3;    3;   0.0;   0;   12.383;   0;   0.8;  15.3; 1000.42;   19.8;   70.50;   27.6;   12.2;   10.4;eor
       2812;20220905;    3;   8.1;   1.7;    3;   0.0;   6;    9.683;   0;   4.4;  16.2; 1000.75;   21.0;   67.79;   29.4;   12.8;   11.2;eor
       2812;20220906;    3;   8.3;   2.4;    3;   0.0;   0;    7.083;   0;   7.0;  17.7;  998.10;   21.7;   69.50;   28.3;   16.3;   14.4;eor
       2812;20220907;    3;   8.4;   2.5;    3;   9.7;   6;    6.417;   0;   5.0;  18.2;  995.42;   20.7;   76.00;   28.1;   15.9;   14.7;eor
       2812;20220908;    3;  11.1;   3.0;    3;   0.0;   6;    5.650;   0;   6.0;  15.6;  993.88;   19.1;   72.38;   24.4;   14.6;   14.2;eor
       2812;20220909;    3;  11.9;   3.5;    3;   6.5;   6;    3.750;   0;   6.5;  14.1;  995.58;   18.3;   67.54;   23.0;   14.9;   13.5;eor
       2812;20220910;    3;   8.7;   3.4;    3;   6.3;   6;    0.633;   0;   7.9;  15.4;  998.41;   16.1;   84.00;   19.4;   14.6;   13.8;eor
       2812;20220911;    3;   5.4;   1.8;    3;   0.0;   0;    6.767;   0;   4.0;  14.6; 1000.53;   17.3;   75.75;   22.6;   11.0;    9.1;eor
       2812;20220912;    3;   5.0;   1.2;    3;   0.0;   0;   11.083;   0;   5.3;  13.5;  996.67;   17.2;   72.33;   25.9;    9.7;    7.6;eor
       2812;20220913;    3;   5.8;   1.6;    3;   9.5;   6;    8.833;   0;   7.4;  15.8;  991.90;   20.1;   68.88;   28.7;   10.9;    9.3;eor
       2812;20220914;    3;  14.1;   2.7;    3;  13.0;   6;    2.350;   0;   7.8;  20.4;  988.45;   20.5;   85.00;   26.5;   17.9;   17.6;eor
       2812;20220915;    3;   9.7;   3.3;    3;  13.9;   6;    2.450;   0;   7.0;  16.7;  990.73;   17.4;   84.00;   20.0;   12.9;   12.0;eor
       2812;20220916;    3;  11.9;   2.2;    3;   4.0;   6;    0.850;   0;   7.5;  12.8;  994.04;   13.9;   81.00;   17.5;   11.4;   10.3;eor
       2812;20220917;    3;  11.8;   3.2;    3;   0.2;   6;    2.467;   0;   7.8;  10.3;  998.63;   12.2;   72.75;   16.4;   10.0;    7.8;eor
       2812;20220918;    3;  11.8;   3.8;    3;   0.0;   6;    1.633;   0;   7.9;   9.8; 1000.16;   13.2;   65.58;   17.2;   10.0;    8.8;eor
       2812;20220919;    3;   8.5;   1.4;    3;   0.0;   0;    4.217;   0;   4.2;   9.6; 1002.75;   11.8;   70.96;   17.2;    5.9;    3.6;eor
       2812;20220920;    3;   5.6;   1.4;    3;   0.0;   6;    5.117;   0;   6.1;   9.9; 1004.94;   10.8;   77.38;   16.7;    4.4;    2.1;eor
       2812;20220921;    3;   9.8;   2.2;    3;   0.0;   0;   10.033;   0;   0.8;   9.2; 1005.45;   11.0;   73.75;   19.0;    3.2;    1.8;eor
       2812;20220922;    3;   6.8;   1.8;    3;   0.0;   0;   11.300;   0;   1.5;   9.2; 1002.69;   11.0;   72.00;   19.4;    2.6;   -0.2;eor
       2812;20220923;    3;   4.9;   1.5;    3;   0.0;   6;    5.617;   0;   8.0;  10.8;  998.36;   12.7;   74.71;   21.2;    4.8;    2.8;eor
       2812;20220924;    3;   7.7;   2.5;    3;   2.0;   6;    1.617;   0;   7.5;  13.9;  994.52;   14.3;   85.54;   20.2;   10.4;    8.8;eor
       2812;20220925;    3;   7.2;   1.5;    3;   2.7;   6;    0.850;   0;   7.6;  13.6;  994.51;   13.2;   89.67;   16.4;   11.2;   10.1;eor
       2812;20220926;    3;  11.9;   4.0;    3;   6.2;   6;    2.567;   0;   7.6;  11.9;  989.00;   12.9;   80.63;   15.5;   10.6;    8.7;eor
       2812;20220927;    3;  12.4;   4.4;    3;  15.9;   6;    1.167;   0;   7.8;  10.7;  984.54;   10.7;   83.29;   13.1;    9.4;    8.7;eor
       2812;20220928;    3;  11.5;   3.0;    3;   0.0;   6;    0.000;   0;   7.9;  11.2;  981.64;   11.2;   84.75;   13.4;    8.8;    6.4;eor
       2812;20220929;    3;   4.2;   1.4;    3;   0.0;   6;    0.933;   0;   7.9;  10.7;  984.93;   10.9;   82.46;   14.8;    7.2;    5.5;eor
       2812;20220930;    3;   4.8;   1.4;    3;   2.0;   6;    5.550;   0;   4.3;  10.8;  993.13;   11.0;   83.25;   16.8;    7.1;    5.7;eor
       2812;20221001;    3;  15.6;   5.5;    3;   0.3;   6;    0.050;   0;   7.9;  12.0;  996.43;   12.5;   81.71;   14.7;    8.5;    7.3;eor
       2812;20221002;    3;  11.9;   3.6;    3;  32.2;   6;    0.450;   0;   7.9;  15.6; 1002.57;   15.7;   87.63;   19.8;   12.6;   12.5;eor
       2812;20221003;    3;   6.6;   2.5;    3;   0.0;   0;    5.050;   0;   6.7;  12.4; 1007.62;   12.0;   88.13;   16.8;    6.9;    4.3;eor
       2812;20221004;    3;   3.8;   1.0;    3;   0.0;   0;    6.900;   0;   4.8;  11.4; 1004.20;   10.9;   88.04;   19.4;    5.2;    3.9;eor
       2812;20221005;    3;  11.3;   2.9;    3;   0.0;   6;   10.417;   0;   2.5;  12.5; 1003.27;   15.9;   72.58;   25.3;    6.2;    4.5;eor
       2812;20221006;    3;   6.2;   2.3;    3;   0.0;   6;    3.983;   0;   6.8;  13.3; 1010.87;   15.1;   77.58;   18.4;   11.9;    9.3;eor
       2812;20221007;    3;   5.1;   1.4;    3;   0.0;   0;    9.533;   0;   7.9;  13.3; 1005.19;   15.5;   76.75;   21.4;   10.8;    9.4;eor
       2812;20221008;    3;   7.5;   2.1;    3;   0.0;   0;    7.350;   0;   5.2;  12.3; 1003.85;   13.7;   79.88;   18.8;    6.5;    4.5;eor
       2812;20221009;    3;   6.4;   2.2;    3;   0.0;   6;    7.250;   0;   2.8;  11.0; 1002.16;   11.6;   82.25;   19.5;    5.5;    3.1;eor
       2812;20221010;    3;   8.1;   2.4;    3;   0.2;   6;    8.033;   0;   5.6;  13.9;  999.85;   16.4;   75.46;   23.4;   10.0;    8.3;eor
       2812;20221011;    3;   6.8;   2.8;    3;   0.0;   0;    0.400;   0;   7.9;  13.6; 1004.79;   13.8;   85.75;   16.2;   10.6;    9.5;eor
       2812;20221012;    3;   3.7;   1.0;    3;   0.0;   0;    4.767;   0;   4.6;  12.7; 1004.48;   12.8;   86.67;   19.0;    8.3;    6.1;eor
       2812;20221013;    3;   5.8;   1.9;    3;   0.0;   6;    0.250;   0;   7.6;  13.4; 1001.81;   13.3;   87.67;   18.1;    7.0;    5.7;eor
       2812;20221014;    3;  10.8;   3.7;    3;   7.2;   6;    0.000;   0;   7.7;  15.2;  996.36;   15.4;   86.67;   18.1;   12.9;   12.2;eor
       2812;20221015;    3;  12.2;   4.8;    3;   0.2;   6;    0.167;   0;   7.8;  16.1;  993.90;   17.4;   81.42;   19.8;   14.4;   13.0;eor
       2812;20221016;    3;   4.7;   1.6;    3;   0.0;   6;    4.400;   0;   7.4;  15.8;  998.91;   17.6;   79.88;   24.5;   13.0;   11.1;eor
       2812;20221017;    3;   5.3;   1.6;    3;   0.0;   0;    9.467;   0;   5.3;  14.5; 1005.28;   17.2;   76.21;   25.9;   10.1;    7.9;eor
       2812;20221018;    1;   6.9;   2.0;    1;   0.0;   4;    5.750;   0;   4.6;  15.7; 1007.77;   17.6;   78.92;   23.4;   12.9;   10.7;eor
       2812;20221019;    1;   6.4;   2.2;    1;   0.2;   4;    2.200;   0;   7.9;  15.4; 1004.24;   14.3;   94.29;   19.3;   10.9;    9.3;eor
       2812;20221020;    1;   8.9;   1.2;    1;   7.6;   6;    0.017;   0;   7.9;  15.0;  997.62;   13.5;   96.21;   16.3;   10.3;    9.9;eor
       2812;20221021;    1;  12.3;   3.7;    1;  28.5;   6;    0.000;   0;   7.9;  15.9;  994.48;   15.4;   91.17;   17.1;   13.4;   12.7;eor
       2812;20221022;    1;   8.5;   2.5;    1;   0.0;   0;    8.700;   0;   5.6;  14.7;  998.09;   16.2;   80.58;   22.0;   12.2;   11.3;eor
       2812;20221023;    1;  11.6;   2.2;    1;   5.2;   6;    3.900;   0;   7.9;  14.3;  994.84;   16.6;   76.83;   22.3;   10.0;    8.6;eor
       2812;20221024;    1;  16.5;   4.1;    1;   9.9;   6;    1.933;   0;   6.6;  14.3;  996.01;   17.2;   73.79;   21.2;   10.4;    9.1;eor
       2812;20221025;    1;   5.7;   1.9;    1;   0.2;   6;    8.300;   0;   4.4;  12.8;  999.83;   14.6;   78.17;   21.2;    8.6;    7.4;eor
       2812;20221026;    1;   6.8;   1.8;    1;   0.0;   6;    3.667;   0;   6.7;  14.5; 1001.42;   15.8;   81.63;   23.1;   10.2;    7.7;eor
       2812;20221027;    1;   3.6;   1.4;    1;   0.0;   0;    8.550;   0;   4.0;  14.1; 1005.49;   14.9;   83.54;   23.2;    7.9;    6.7;eor
       2812;20221028;    1;   5.9;   1.9;    1;   0.0;   6;    4.067;   0;   7.7;  14.8; 1004.41;   17.6;   74.29;   25.9;   12.8;   10.6;eor
       2812;20221029;    1;   3.8;   1.2;    1;   0.0;   0;    6.683;   0;   6.8;  14.5; 1003.37;   15.8;   81.38;   22.7;    9.8;    7.6;eor
       2812;20221030;    1;   4.7;   1.7;    1;   0.0;   0;    6.933;   0;   8.0;  13.5; 1001.74;   14.6;   81.92;   22.6;    9.3;    7.3;eor
       2812;20221031;    1;   5.9;   1.1;    1;   2.8;   6;    1.017;   0;   8.0;  12.9; 1000.33;   12.1;   91.42;   17.5;    7.9;    6.4;eor
       2812;20221101;    1;  10.9;   2.8;    1;   0.1;   6;    2.333;   0;   6.5;  13.3; 1001.74;   13.8;   83.67;   18.7;    6.5;    4.0;eor
       2812;20221102;    1;   5.8;   1.8;    1;   0.0;   0;    5.067;   0;   7.0;  11.0; 1005.27;   11.5;   81.75;   17.2;    6.2;    3.6;eor
       2812;20221103;    1;   6.8;   2.0;    1;   8.9;   6;    0.583;   0;   7.8;  11.0;  993.90;    9.9;   89.42;   12.6;    5.4;    2.9;eor
       2812;20221104;    1;   7.5;   2.9;    1;   7.5;   6;    2.500;   0;   7.8;  10.4;  990.80;   10.8;   80.46;   13.5;    8.9;    7.8;eor
       2812;20221105;    1;   7.8;   1.7;    1;   0.0;   0;    1.433;   0;   7.5;   9.6; 1001.17;    8.5;   87.00;   12.3;    3.5;    1.6;eor
       2812;20221106;    1;  10.3;   2.7;    1;   0.1;   6;    3.983;   0;   6.3;   8.3;  998.09;    7.6;   79.96;   12.0;    1.9;    0.4;eor
       2812;20221107;    1;   9.0;   3.4;    1;   0.0;   0;    0.967;   0;   6.5;  10.7;  998.69;   12.1;   76.08;   16.8;    5.2;    3.1;eor
       2812;20221108;    1;   8.1;   2.2;    1;   5.1;   6;    2.500;   0;   8.0;   9.8;  995.05;   11.0;   76.67;   18.4;    4.5;    2.0;eor
       2812;20221109;    1;   9.9;   3.1;    1;  14.9;   6;    0.000;   0;   7.8;  13.5;  996.99;   13.0;   90.13;   15.4;   10.4;    8.6;eor
       2812;20221110;    1;   5.9;   1.6;    1;   0.0;   4;    8.133;   0;   4.5;  11.0; 1008.94;   10.0;   89.88;   15.0;    4.9;    2.4;eor
       2812;20221111;    1;   4.4;   1.4;    1;   0.1;   4;    3.900;   0;   7.7;   9.5; 1014.29;    6.9;   95.50;   11.0;    2.6;    1.9;eor
       2812;20221112;    1;   3.4;   1.2;    1;   0.1;   6;    0.000;   0;   8.0;   9.3; 1013.04;    6.1;   97.96;    7.3;    5.4;    5.8;eor
       2812;20221113;    1;   5.4;   1.9;    1;   0.1;   6;    0.000;   0;   8.0;   8.6; 1003.65;    5.8;   93.38;    6.9;    5.0;    5.3;eor
       2812;20221114;    1;   8.8;   2.3;    1;   0.1;   6;    0.000;   0;   7.9;   9.4;  996.07;    9.0;   82.04;   14.2;    3.9;    2.7;eor
       2812;20221115;    1;   6.5;   2.0;    1;   6.6;   6;    0.000;   0;   7.8;  11.6;  990.82;   11.7;   84.08;   14.1;    9.3;    7.3;eor
       2812;20221116;    1;   9.7;   3.3;    1;   0.0;   6;    6.033;   0;   7.1;  10.9;  984.55;   11.4;   81.13;   15.0;    8.4;    4.9;eor
       2812;20221117;    1;  12.9;   4.3;    1;  19.9;   6;    1.250;   0;   7.5;  10.4;  978.70;   12.0;   75.25;   15.1;    8.9;    6.7;eor
       2812;20221118;    1;   8.0;   3.3;    1;   1.9;   6;    1.483;   0;   7.6;  10.2;  986.31;    9.3;   86.67;   11.9;    7.7;    7.0;eor
       2812;20221119;    1;   7.1;   2.9;    1;   0.3;   6;    2.367;   0;   7.7;   9.3;  992.45;    8.2;   85.29;   11.1;    6.6;    6.0;eor
       2812;20221120;    1;  13.0;   4.4;    1;   6.5;   6;    0.633;   0;   7.6;   8.3;  994.09;    7.5;   81.00;   10.1;    6.0;    5.1;eor
       2812;20221121;    1;  10.8;   3.4;    1;   1.6;   6;    3.433;   0;  -999;   8.7;  985.84;    7.8;   82.46;   10.6;    6.3;    4.7;eor
       2812;20221122;    1;  12.4;   4.4;    1;   0.7;   6;    0.433;   0;  -999;   8.5;  982.17;    7.9;   79.96;    9.1;    6.3;    5.5;eor
       2812;20221123;    1;   8.4;   2.6;    1;   2.4;   6;    6.000;   0;  -999;   8.2;  985.87;    7.8;   77.83;   11.9;    2.5;   -0.3;eor
       2812;20221124;    1;   8.8;   3.1;    1;   4.2;   6;    3.667;   0;  -999;   9.1;  996.14;    8.3;   83.79;   12.6;    1.6;   -0.1;eor
       2812;20221125;    1;   5.8;   2.0;    1;   1.2;   6;    1.383;   0;  -999;   9.1; 1001.34;    7.4;   87.88;   11.8;    3.7;    2.2;eor
       2812;20221126;    1;   5.3;   1.4;    1;   0.0;   0;    5.567;   0;  -999;   9.0; 1011.88;    6.6;   92.71;   10.3;    4.9;    3.7;eor
       2812;20221127;    1;   5.3;   1.8;    1;   0.0;   0;    0.000;   0;  -999;   7.9; 1004.61;    5.1;   90.21;    6.9;    2.9;    2.1;eor
       2812;20221128;    1;   6.2;   1.7;    1;   3.2;   6;    0.000;   0;  -999;   9.3;  995.35;    7.1;   91.21;   10.1;    3.6;    2.7;eor
       2812;20221129;    1;   4.6;   1.6;    1;   1.4;   6;    0.000;   0;  -999;   9.8;  998.85;    7.4;   94.92;    8.5;    5.8;    4.7;eor
       2812;20221130;    1;   8.4;   3.1;    1;   0.0;   6;    0.000;   0;  -999;   9.4; 1002.17;    7.2;   92.54;    8.2;    5.7;    5.5;eor
       2812;20221201;    1;   7.2;   3.6;    1;   0.0;   6;    0.000;   0;  -999;   6.9; 1003.91;    4.0;   85.21;    5.7;    3.2;    3.0;eor
       2812;20221202;    1;   5.6;   2.8;    1;   0.1;   6;    0.000;   0;  -999;   7.4; 1000.43;    3.7;   93.00;    4.2;    2.2;    2.4;eor
       2812;20221203;    1;   5.5;   2.8;    1;   0.0;   0;    0.000;   0;  -999;   6.5;  997.40;    1.7;   94.00;    3.2;   -1.2;   -2.7;eor
       2812;20221204;    1;   4.2;   1.4;    1;   3.9;   6;    0.000;   0;  -999;   6.5;  994.99;    1.8;   93.71;    3.2;   -0.3;   -0.3;eor
       2812;20221205;    1;   7.0;   2.2;    1;   0.0;   6;    0.333;   0;  -999;   7.2; 1000.03;    4.8;   83.67;    8.0;    2.8;    2.2;eor
       2812;20221206;    1;   5.2;   1.5;    1;   0.0;   6;    0.000;   0;  -999;   7.1; 1000.43;    4.0;   88.00;    4.7;    3.3;    2.8;eor
       2812;20221207;    1;   4.9;   1.3;    1;   0.0;   6;    1.050;   0;  -999;   6.7;  998.89;    3.4;   86.54;    6.3;    0.1;   -2.3;eor
       2812;20221208;    1;   4.8;   1.5;    1;   0.0;   0;    1.733;   0;  -999;   5.5;  992.09;    0.6;   86.58;    4.8;   -3.4;   -5.7;eor
       2812;20221209;    1;   1.9;   0.6;    1;   0.0;   8;    0.000;   0;  -999;   5.3;  985.74;   -1.2;   93.92;    1.1;   -4.9;   -6.0;eor
       2812;20221210;    1;   6.0;   1.9;    1;   0.9;   8;    0.000;   0;  -999;   5.9;  990.12;    0.5;   92.71;    1.2;   -2.2;   -3.7;eor
       2812;20221211;    1;   5.8;   2.0;    1;   0.0;   0;    0.083;   0;  -999;   4.8;  992.84;   -1.7;   89.79;   -0.5;   -3.4;   -4.0;eor
       2812;20221212;    1;   4.1;   1.2;    1;   0.0;   0;    4.967;   0;  -999;   4.1;  993.56;   -3.0;   84.63;   -0.2;   -6.9;   -8.3;eor
       2812;20221213;    1;   4.8;   2.0;    1;   0.1;   8;    1.333;   0;  -999;   4.0;  989.17;   -4.6;   91.17;   -2.3;   -7.5;   -7.1;eor
       2812;20221214;    1;   4.2;   1.7;    1;   9.0;   8;    0.000;   0;  -999;   5.2;  983.50;   -1.3;   92.79;   -0.5;   -2.4;   -2.3;eor
       2812;20221215;    1;   7.3;   3.5;    1;   0.4;   8;    0.000;   4;  -999;   5.0;  986.80;   -1.5;   91.88;   -0.8;   -2.1;   -2.3;eor
       2812;20221216;    1;   6.9;   2.4;    1;   0.0;   0;    5.417;   5;  -999;   4.0;  994.05;   -3.8;   87.13;   -1.7;   -8.1;  -13.8;eor
       2812;20221217;    1;   3.9;   1.3;    1;   0.0;   7;    0.000;   4;  -999;   3.3; 1007.18;   -7.2;   93.33;   -5.7;  -10.0;  -13.9;eor
       2812;20221218;    1;   3.5;   1.4;    1;   0.1;   8;    0.000;   4;  -999;   3.4; 1010.18;   -7.0;   91.79;   -3.5;   -9.2;   -9.1;eor
       2812;20221219;    1;   4.4;   1.5;    1;   0.0;   6;    1.567;   3;  -999;   6.1; 1005.75;    1.0;   92.42;    4.4;   -3.5;   -3.0;eor
       2812;20221220;    1;   7.2;   1.7;    1;   8.5;   6;    0.200;   1;  -999;   8.1;  999.68;    6.2;   85.96;   13.2;    1.1;    0.6;eor
       2812;20221221;    1;  13.2;   5.0;    1;   4.0;   6;    1.583;   0;  -999;  11.4;  996.35;   11.7;   82.58;   13.9;   10.4;    9.1;eor
       2812;20221222;    1;  16.3;   6.6;    1;   6.9;   6;    0.000;   0;   7.7;  10.8;  992.67;   11.7;   78.25;   13.0;   10.5;    9.2;eor
       2812;20221223;    1;  16.0;   5.0;    1;   7.0;   6;    0.000;   0;   7.7;  13.0;  991.10;   13.2;   85.67;   15.1;   11.8;   10.9;eor
       2812;20221224;    1;   8.4;   3.0;    1;   0.0;   6;    0.317;   0;   7.8;  10.5;  998.50;   11.5;   77.79;   13.2;    8.6;    7.8;eor
       2812;20221225;    1;   8.9;   3.0;    1;   0.0;   0;    3.917;   0;   7.8;  10.7;  997.73;   11.2;   80.83;   14.0;    8.4;    7.0;eor
       2812;20221226;    1;  10.3;   4.2;    1;   5.8;   6;    0.000;   0;   7.7;  10.6; 1001.51;   11.4;   78.29;   14.1;    6.4;    4.7;eor
       2812;20221227;    1;   7.9;   1.9;    1;   0.0;   0;    2.117;   0;   5.5;   7.1; 1010.12;    4.5;   84.79;    8.5;   -0.7;   -1.7;eor
       2812;20221228;    1;  12.6;   4.9;    1;   0.0;   0;    2.200;   0;   7.9;   7.5; 1000.80;    9.1;   65.46;   12.8;    0.9;   -0.9;eor
       2812;20221229;    1;  14.2;   5.5;    1;   8.3;   6;    0.717;   0;   7.8;   9.7;  994.69;   11.5;   71.88;   13.9;    8.2;    7.4;eor
